valeur_fonciere,longitude,latitude,nombre_pieces_principales,surface_reelle_bati,code_postal,nom_commune,valeur_mc
158730.0,4.086656,43.55888,1.0,25.0,34280.0,La Grande-Motte,6349.2
82000.0,3.891022,43.590893,1.0,21.0,34070.0,Montpellier,3904.7619047619046
76000.0,3.846555,43.619867,1.0,30.0,34080.0,Montpellier,2533.3333333333335
218500.0,3.886218,43.606132,3.0,70.0,34000.0,Montpellier,3121.4285714285716
150000.0,3.695132,43.400797,3.0,36.0,34200.0,Sète,4166.666666666667
200000.0,3.960333,43.537752,3.0,71.0,34250.0,Palavas-les-Flots,2816.9014084507044
49500.0,3.319706,43.73361,4.0,80.0,34700.0,Lodève,618.75
175000.0,4.075664,43.560847,3.0,62.0,34280.0,La Grande-Motte,2822.5806451612902
88500.0,3.696819,43.515222,1.0,29.0,34560.0,Montbazin,3051.7241379310344
87500.0,4.09023,43.559121,1.0,19.0,34280.0,La Grande-Motte,4605.263157894737
90000.0,3.856229,43.633435,1.0,18.0,34090.0,Montpellier,5000.0
112975.0,3.845393,43.620704,4.0,76.0,34080.0,Montpellier,1486.5131578947369
40000.0,3.430356,43.628847,1.0,20.0,34800.0,Clermont-l'Hérault,2000.0
140000.0,3.875375,43.612671,1.0,38.0,34000.0,Montpellier,3684.2105263157896
40000.0,3.69472,43.406421,1.0,20.0,34200.0,Sète,2000.0
71500.0,3.694198,43.401385,2.0,25.0,34200.0,Sète,2860.0
256500.0,3.607739,43.425038,4.0,97.0,34140.0,Mèze,2644.3298969072166
74000.0,3.852553,43.621567,1.0,22.0,34090.0,Montpellier,3363.6363636363635
114000.0,3.694351,43.403565,3.0,59.0,34200.0,Sète,1932.2033898305085
255000.0,3.881918,43.607734,4.0,83.0,34000.0,Montpellier,3072.289156626506
139000.0,3.694132,43.5154,3.0,60.0,34560.0,Montbazin,2316.6666666666665
175000.0,3.894315,43.603038,2.0,52.0,34070.0,Montpellier,3365.3846153846152
30000.0,3.892202,43.592591,1.0,20.0,34070.0,Montpellier,1500.0
99455.0,4.087746,43.559695,1.0,27.0,34280.0,La Grande-Motte,3683.5185185185187
172000.0,3.670268,43.487668,3.0,83.0,34560.0,Poussan,2072.289156626506
79500.0,3.758636,43.45117,1.0,32.0,34110.0,Frontignan,2484.375
99488.0,3.874237,43.608304,1.0,18.0,34000.0,Montpellier,5527.111111111111
255800.0,3.873611,43.60826,2.0,62.0,34000.0,Montpellier,4125.806451612903
48813.0,3.685844,43.447968,1.0,20.0,34540.0,Balaruc-les-Bains,2440.65
224160.0,3.69761,43.408713,3.0,40.0,34200.0,Sète,5604.0
210000.0,3.696384,43.404111,3.0,50.0,34200.0,Sète,4200.0
60000.0,3.837947,43.613467,1.0,17.0,34080.0,Montpellier,3529.4117647058824
133000.0,3.699403,43.402731,3.0,67.0,34200.0,Sète,1985.0746268656717
165000.0,3.693861,43.396484,2.0,43.0,34200.0,Sète,3837.2093023255816
212896.23,3.898506,43.600792,2.0,43.0,34000.0,Montpellier,4951.07511627907
106190.0,4.087544,43.558937,1.0,22.0,34280.0,La Grande-Motte,4826.818181818182
105000.0,3.878464,43.613969,1.0,29.0,34000.0,Montpellier,3620.689655172414
139000.0,3.870271,43.613908,1.0,18.0,34000.0,Montpellier,7722.222222222223
155000.0,3.867284,43.59399,4.0,81.0,34070.0,Montpellier,1913.5802469135801
173800.0,3.89356,43.628754,3.0,47.0,34090.0,Montpellier,3697.872340425532
82000.0,4.098602,43.567378,1.0,26.0,34280.0,La Grande-Motte,3153.846153846154
100000.0,3.825601,43.577747,3.0,47.0,34430.0,Saint-Jean-de-Védas,2127.659574468085
92414.0,3.886139,43.659332,2.0,26.0,34830.0,Clapiers,3554.3846153846152
142270.0,3.872285,43.638446,2.0,50.0,34090.0,Montpellier,2845.4
92000.0,3.886522,43.592608,4.0,78.0,34070.0,Montpellier,1179.4871794871794
100000.0,3.523061,43.59184,3.0,74.0,34230.0,Le Pouget,1351.3513513513512
134000.0,3.928368,43.527511,1.0,22.0,34250.0,Palavas-les-Flots,6090.909090909091
70000.0,3.872272,43.621929,1.0,20.0,34090.0,Montpellier,3500.0
104000.0,3.90809,43.631008,1.0,24.0,34170.0,Castelnau-le-Lez,4333.333333333333
126000.0,3.868129,43.607204,1.0,27.0,34000.0,Montpellier,4666.666666666667
98500.0,3.868945,43.608804,2.0,19.0,34000.0,Montpellier,5184.210526315789
96813.0,3.691136,43.405664,2.0,38.0,34200.0,Sète,2547.7105263157896
95000.0,3.977924,43.544681,1.0,23.0,34130.0,Mauguio,4130.434782608696
85000.0,3.69546,43.399743,2.0,43.0,34200.0,Sète,1976.7441860465117
297000.0,4.090132,43.557363,3.0,82.0,34280.0,La Grande-Motte,3621.951219512195
122965.0,3.878938,43.601675,1.0,33.0,34000.0,Montpellier,3726.212121212121
118950.0,4.08046,43.561437,1.0,22.0,34280.0,La Grande-Motte,5406.818181818182
68000.0,4.092313,43.557566,1.0,20.0,34280.0,La Grande-Motte,3400.0
95300.0,4.137245,43.676408,3.0,46.0,34400.0,Lunel,2071.7391304347825
717000.0,3.878457,43.608182,4.0,197.0,34000.0,Montpellier,3639.5939086294416
122000.0,3.844076,43.633477,1.0,31.0,34090.0,Montpellier,3935.483870967742
101650.0,3.677206,43.442353,2.0,24.0,34540.0,Balaruc-les-Bains,4235.416666666667
73660.0,3.68008,43.439237,1.0,18.0,34540.0,Balaruc-les-Bains,4092.222222222222
315040.0,3.874097,43.617226,3.0,53.0,34090.0,Montpellier,5944.1509433962265
144018.0,4.104337,43.568913,2.0,33.0,34280.0,La Grande-Motte,4364.181818181818
134480.0,3.840425,43.62456,2.0,46.0,34080.0,Montpellier,2923.478260869565
64000.0,4.082984,43.561998,1.0,21.0,34280.0,La Grande-Motte,3047.6190476190477
289000.0,3.831067,43.572584,4.0,68.0,34430.0,Saint-Jean-de-Védas,4250.0
69499.4,3.864641,43.624832,1.0,19.0,34090.0,Montpellier,3657.8631578947366
58218.0,3.856007,43.590733,1.0,18.0,34070.0,Montpellier,3234.3333333333335
106400.0,3.874761,43.610328,1.0,24.0,34000.0,Montpellier,4433.333333333333
201100.0,3.881585,43.602884,3.0,64.0,34000.0,Montpellier,3142.1875
58000.0,3.870132,43.60253,2.0,19.0,34000.0,Montpellier,3052.6315789473683
110000.0,3.864633,43.610943,1.0,28.0,34000.0,Montpellier,3928.5714285714284
95515.0,3.677298,43.438955,1.0,24.0,34540.0,Balaruc-les-Bains,3979.7916666666665
211000.0,3.877103,43.608427,2.0,45.0,34000.0,Montpellier,4688.888888888889
197270.0,3.685844,43.447968,2.0,40.0,34540.0,Balaruc-les-Bains,4931.75
170000.0,3.433986,43.622986,3.0,67.0,34800.0,Clermont-l'Hérault,2537.313432835821
104000.0,4.136629,43.675034,4.0,36.0,34400.0,Lunel,2888.8888888888887
85000.0,3.690898,43.409827,2.0,25.0,34200.0,Sète,3400.0
170000.0,3.888395,43.614724,3.0,68.0,34000.0,Montpellier,2500.0
87000.0,3.873657,43.624511,1.0,17.0,34090.0,Montpellier,5117.64705882353
219120.0,3.97541,43.544106,1.0,45.0,34130.0,Mauguio,4869.333333333333
74950.0,3.852553,43.621567,1.0,18.0,34090.0,Montpellier,4163.888888888889
51000.0,3.866354,43.599036,2.0,30.0,34070.0,Montpellier,1700.0
222500.0,3.867399,43.598088,3.0,42.0,34070.0,Montpellier,5297.619047619048
273000.0,3.84615,43.604807,4.0,96.0,34070.0,Montpellier,2843.75
71000.0,3.321257,43.731233,3.0,90.0,34700.0,Lodève,788.8888888888889
56000.0,3.322316,43.731331,2.0,54.0,34700.0,Lodève,1037.037037037037
93000.0,3.894456,43.607935,1.0,30.0,34000.0,Montpellier,3100.0
266550.0,3.879635,43.610161,2.0,52.0,34000.0,Montpellier,5125.961538461538
86190.0,4.087544,43.558937,1.0,21.0,34280.0,La Grande-Motte,4104.285714285715
149000.0,3.878074,43.60495,2.0,39.0,34000.0,Montpellier,3820.5128205128203
81000.0,3.886522,43.592608,4.0,78.0,34070.0,Montpellier,1038.4615384615386
97000.0,4.092313,43.557566,1.0,20.0,34280.0,La Grande-Motte,4850.0
49400.0,3.708276,43.934259,1.0,50.0,34190.0,Ganges,988.0
178500.0,3.829269,43.649202,2.0,50.0,34790.0,Grabels,3570.0
83000.0,3.891022,43.590893,1.0,23.0,34070.0,Montpellier,3608.695652173913
125685.0,3.873546,43.609983,2.0,32.0,34000.0,Montpellier,3927.65625
105000.0,3.867211,43.601296,2.0,29.0,34070.0,Montpellier,3620.689655172414
70000.0,3.873238,43.60992,2.0,46.0,34000.0,Montpellier,1521.7391304347825
129500.0,3.873265,43.609851,2.0,32.0,34000.0,Montpellier,4046.875
85000.0,3.878575,43.602153,1.0,19.0,34000.0,Montpellier,4473.684210526316
256500.0,3.696654,43.398558,3.0,66.0,34200.0,Sète,3886.3636363636365
260000.0,3.909029,43.609992,3.0,66.0,34000.0,Montpellier,3939.3939393939395
59000.0,3.69472,43.406421,1.0,18.0,34200.0,Sète,3277.777777777778
79150.0,3.891022,43.590893,1.0,23.0,34070.0,Montpellier,3441.304347826087
127990.0,3.692123,43.408819,2.0,52.0,34200.0,Sète,2461.346153846154
85000.0,3.929986,43.528712,2.0,27.0,34250.0,Palavas-les-Flots,3148.1481481481483
194000.0,3.877658,43.614968,2.0,56.0,34000.0,Montpellier,3464.285714285714
137500.0,4.100269,43.564411,2.0,28.0,34280.0,La Grande-Motte,4910.714285714285
120000.0,3.881219,43.618451,2.0,32.0,34090.0,Montpellier,3750.0
375000.0,4.104337,43.568913,4.0,49.0,34280.0,La Grande-Motte,7653.061224489796
188250.0,3.713943,43.55567,3.0,63.0,34660.0,Cournonterral,2988.095238095238
395000.0,3.93886,43.530075,3.0,72.0,34250.0,Palavas-les-Flots,5486.111111111111
81700.0,3.910884,43.632502,1.0,20.0,34170.0,Castelnau-le-Lez,4085.0
90000.0,3.832006,43.620973,2.0,41.0,34080.0,Montpellier,2195.121951219512
140000.0,3.690126,43.41124,5.0,90.0,34200.0,Sète,1555.5555555555557
75500.0,3.908754,43.630972,1.0,18.0,34170.0,Castelnau-le-Lez,4194.444444444444
77000.0,3.88144,43.617544,1.0,14.0,34000.0,Montpellier,5500.0
132000.0,3.699039,43.410166,4.0,45.0,34200.0,Sète,2933.3333333333335
167000.0,3.954664,43.535691,1.0,25.0,34250.0,Palavas-les-Flots,6680.0
226500.0,3.868129,43.607204,3.0,67.0,34000.0,Montpellier,3380.597014925373
108600.0,3.930836,43.528088,1.0,23.0,34250.0,Palavas-les-Flots,4721.739130434783
96331.0,3.898207,43.617475,1.0,25.0,34000.0,Montpellier,3853.24
82731.0,3.691262,43.409131,1.0,24.0,34200.0,Sète,3447.125
316800.0,3.908532,43.633029,3.0,67.0,34170.0,Castelnau-le-Lez,4728.358208955224
25000.0,3.860533,43.605103,1.0,27.0,34070.0,Montpellier,925.925925925926
109000.0,3.87753,43.613586,2.0,37.0,34000.0,Montpellier,2945.945945945946
70000.0,3.87509,43.607716,1.0,18.0,34000.0,Montpellier,3888.8888888888887
102636.0,3.874949,43.609904,1.0,17.0,34000.0,Montpellier,6037.411764705882
213800.0,3.932004,43.527746,2.0,50.0,34250.0,Palavas-les-Flots,4276.0
74200.0,3.852553,43.621567,1.0,17.0,34090.0,Montpellier,4364.705882352941
139500.0,3.975825,43.660395,3.0,69.0,34740.0,Vendargues,2021.7391304347825
54401.0,3.685844,43.447968,1.0,19.0,34540.0,Balaruc-les-Bains,2863.2105263157896
70000.0,3.878575,43.602153,1.0,19.0,34000.0,Montpellier,3684.2105263157896
166670.0,3.609025,43.42765,2.0,35.0,34140.0,Mèze,4762.0
86500.0,3.692584,43.405825,1.0,32.0,34200.0,Sète,2703.125
74154.0,3.864641,43.624832,1.0,19.0,34090.0,Montpellier,3902.842105263158
188000.0,4.086656,43.55888,1.0,31.0,34280.0,La Grande-Motte,6064.5161290322585
297000.0,3.695508,43.396976,3.0,74.0,34200.0,Sète,4013.5135135135133
95000.0,3.608428,43.424443,1.0,22.0,34140.0,Mèze,4318.181818181818
71500.0,3.869315,43.613249,1.0,22.0,34000.0,Montpellier,3250.0
200000.0,3.90362,43.569937,2.0,39.0,34970.0,Lattes,5128.205128205128
103933.2,3.863837,43.584995,1.0,19.0,34070.0,Montpellier,5470.168421052632
66000.0,4.090132,43.557363,1.0,15.0,34280.0,La Grande-Motte,4400.0
115000.0,3.841651,43.627259,2.0,39.0,34090.0,Montpellier,2948.7179487179487
78980.0,3.872515,43.607487,1.0,18.0,34000.0,Montpellier,4387.777777777777
87000.0,3.674958,43.444547,1.0,21.0,34540.0,Balaruc-les-Bains,4142.857142857143
70000.0,3.927718,43.528484,1.0,17.0,34250.0,Palavas-les-Flots,4117.64705882353
28500.0,3.834838,43.6149,1.0,19.0,34080.0,Montpellier,1500.0
338000.0,3.87716,43.608315,4.0,115.0,34000.0,Montpellier,2939.1304347826085
114000.0,3.898717,43.628152,1.0,33.0,34170.0,Castelnau-le-Lez,3454.5454545454545
85680.0,4.08046,43.561437,1.0,27.0,34280.0,La Grande-Motte,3173.3333333333335
112100.0,3.695032,43.400295,2.0,32.0,34200.0,Sète,3503.125
111400.0,3.87871,43.581574,2.0,48.0,34070.0,Montpellier,2320.8333333333335
100000.0,3.6572,43.448079,2.0,38.0,34140.0,Bouzigues,2631.5789473684213
171500.0,3.694414,43.399264,2.0,52.0,34200.0,Sète,3298.076923076923
149000.0,3.878575,43.602153,2.0,31.0,34000.0,Montpellier,4806.451612903225
99500.0,3.726022,43.426292,2.0,51.0,34110.0,Frontignan,1950.9803921568628
99000.0,3.502436,43.650533,2.0,51.0,34725.0,Saint-André-de-Sangonis,1941.1764705882354
220000.0,3.40028,43.610841,2.0,80.0,34800.0,Villeneuvette,2750.0
105991.0,3.874949,43.609904,1.0,17.0,34000.0,Montpellier,6234.764705882353
50000.0,3.837947,43.613467,1.0,17.0,34080.0,Montpellier,2941.176470588235
84750.0,3.877104,43.615745,1.0,20.0,34090.0,Montpellier,4237.5
399700.0,3.80234,43.508126,4.0,78.0,34110.0,Mireval,5124.358974358975
105000.0,3.911637,43.632627,1.0,29.0,34170.0,Castelnau-le-Lez,3620.689655172414
257365.0,3.870387,43.603711,3.0,60.0,34000.0,Montpellier,4289.416666666667
159000.0,4.092313,43.557566,1.0,29.0,34280.0,La Grande-Motte,5482.758620689655
55000.0,3.692314,43.404518,1.0,25.0,34200.0,Sète,2200.0
109000.0,3.897596,43.602334,1.0,20.0,34000.0,Montpellier,5450.0
277500.0,3.695481,43.409418,3.0,78.0,34200.0,Sète,3557.6923076923076
86000.0,3.45063,43.565447,3.0,53.0,34800.0,Aspiran,1622.6415094339623
55000.0,3.694826,43.397515,1.0,20.0,34200.0,Sète,2750.0
205350.0,3.863465,43.610195,2.0,52.0,34000.0,Montpellier,3949.0384615384614
119310.0,3.977924,43.544681,1.0,20.0,34130.0,Mauguio,5965.5
80000.0,3.700478,43.403533,2.0,52.0,34200.0,Sète,1538.4615384615386
240000.0,3.852553,43.621567,2.0,40.0,34090.0,Montpellier,6000.0
151000.0,3.881829,43.617989,2.0,38.0,34000.0,Montpellier,3973.684210526316
269750.0,3.860938,43.694174,3.0,58.0,34730.0,Prades-le-Lez,4650.862068965517
62850.0,3.852553,43.621567,1.0,18.0,34090.0,Montpellier,3491.6666666666665
58000.0,3.854352,43.622296,1.0,18.0,34090.0,Montpellier,3222.222222222222
66000.0,3.837947,43.613467,1.0,25.0,34080.0,Montpellier,2640.0
82000.0,3.319566,43.732084,4.0,80.0,34700.0,Lodève,1025.0
199000.0,3.695829,43.399024,3.0,60.0,34200.0,Sète,3316.6666666666665
93350.0,3.77544,43.551214,1.0,25.0,34690.0,Fabrègues,3734.0
188000.0,3.75416,43.446062,4.0,112.0,34110.0,Frontignan,1678.5714285714287
540000.0,3.756616,43.445797,8.0,134.0,34110.0,Frontignan,4029.8507462686566
85500.0,3.930043,43.637158,1.0,25.0,34170.0,Castelnau-le-Lez,3420.0
143575.0,3.870092,43.592337,3.0,57.0,34070.0,Montpellier,2518.8596491228072
115800.0,3.892171,43.607591,1.0,33.0,34000.0,Montpellier,3509.090909090909
87500.0,3.863317,43.62565,1.0,25.0,34090.0,Montpellier,3500.0
324800.0,3.833475,43.639115,2.0,52.0,34090.0,Montpellier,6246.153846153846
155000.0,4.169993,43.666359,2.0,52.0,34590.0,Marsillargues,2980.769230769231
52200.0,3.824287,43.61458,1.0,17.0,34080.0,Montpellier,3070.5882352941176
247300.0,3.969469,43.657905,2.0,34.0,34740.0,Vendargues,7273.529411764706
146950.0,4.133535,43.675634,3.0,92.0,34400.0,Lunel,1597.2826086956522
146290.0,3.691272,43.406242,3.0,52.0,34200.0,Sète,2813.269230769231
98000.0,3.868091,43.603489,2.0,26.0,34000.0,Montpellier,3769.230769230769
140000.0,3.862588,43.598141,3.0,49.0,34070.0,Montpellier,2857.1428571428573
55000.0,4.140425,43.674644,2.0,20.0,34400.0,Lunel,2750.0
197000.0,3.895334,43.606638,2.0,58.0,34000.0,Montpellier,3396.551724137931
58770.0,3.317937,43.730897,2.0,44.0,34700.0,Lodève,1335.6818181818182
70000.0,3.845393,43.620704,3.0,57.0,34080.0,Montpellier,1228.0701754385964
370970.0,3.879949,43.613915,3.0,74.0,34000.0,Montpellier,5013.108108108108
43400.0,3.81587,43.622093,3.0,70.0,34080.0,Montpellier,620.0
60000.0,3.818512,43.638439,3.0,69.0,34080.0,Montpellier,869.5652173913044
61835.0,3.679474,43.438828,1.0,17.0,34540.0,Balaruc-les-Bains,3637.3529411764707
102900.0,3.695362,43.406823,2.0,29.0,34200.0,Sète,3548.2758620689656
141500.0,3.882826,43.603846,3.0,45.0,34000.0,Montpellier,3144.4444444444443
265800.0,3.869196,43.607637,3.0,65.0,34000.0,Montpellier,4089.230769230769
60000.0,3.854352,43.622296,1.0,17.0,34090.0,Montpellier,3529.4117647058824
300000.0,3.871794,43.602753,4.0,90.0,34000.0,Montpellier,3333.3333333333335
149000.0,4.008759,43.61671,2.0,50.0,34130.0,Mauguio,2980.0
163130.0,3.693236,43.40967,3.0,45.0,34200.0,Sète,3625.1111111111113
61000.0,3.852553,43.621567,1.0,22.0,34090.0,Montpellier,2772.7272727272725
97600.0,3.676678,43.44035,1.0,20.0,34540.0,Balaruc-les-Bains,4880.0
68375.0,3.679474,43.438828,1.0,17.0,34540.0,Balaruc-les-Bains,4022.0588235294117
995925.0,3.696283,43.40263,10.0,171.0,34200.0,Sète,5824.122807017544
50000.0,3.867911,43.607972,1.0,25.0,34070.0,Montpellier,2000.0
110000.0,4.08967,43.557715,1.0,40.0,34280.0,La Grande-Motte,2750.0
116480.0,3.875382,43.608671,1.0,20.0,34000.0,Montpellier,5824.0
96000.0,3.911402,43.632463,2.0,37.0,34170.0,Castelnau-le-Lez,2594.5945945945946
130000.0,3.845393,43.620704,7.0,118.0,34080.0,Montpellier,1101.6949152542372
142000.0,4.135286,43.677985,3.0,89.0,34400.0,Lunel,1595.5056179775281
241200.0,3.890244,43.593425,3.0,64.0,34070.0,Montpellier,3768.75
67000.0,3.85269,43.603029,1.0,22.0,34070.0,Montpellier,3045.4545454545455
754110.0,3.876196,43.60637,5.0,111.0,34000.0,Montpellier,6793.783783783784
124500.0,3.868091,43.603489,2.0,35.0,34000.0,Montpellier,3557.1428571428573
286810.0,3.95494,43.535514,3.0,79.0,34250.0,Palavas-les-Flots,3630.506329113924
100000.0,3.87635,43.604404,1.0,20.0,34000.0,Montpellier,5000.0
224650.0,3.903752,43.633129,3.0,69.0,34170.0,Castelnau-le-Lez,3255.7971014492755
248800.0,3.889579,43.618227,4.0,67.0,34000.0,Montpellier,3713.4328358208954
177000.0,4.067488,43.619303,3.0,67.0,34130.0,Candillargues,2641.791044776119
99000.0,3.886522,43.592608,4.0,78.0,34070.0,Montpellier,1269.2307692307693
239200.0,3.878772,43.605316,2.0,55.0,34000.0,Montpellier,4349.090909090909
117060.0,4.082984,43.561998,1.0,21.0,34280.0,La Grande-Motte,5574.285714285715
72000.0,3.866018,43.599893,1.0,25.0,34070.0,Montpellier,2880.0
82000.0,3.695506,43.514929,2.0,32.0,34560.0,Montbazin,2562.5
85900.0,3.878575,43.602153,1.0,19.0,34000.0,Montpellier,4521.0526315789475
223700.0,3.695924,43.630503,3.0,85.0,34570.0,Montarnaud,2631.764705882353
123000.0,4.087028,43.558409,2.0,30.0,34280.0,La Grande-Motte,4100.0
102000.0,3.847488,43.62327,2.0,35.0,34080.0,Montpellier,2914.285714285714
178000.0,3.669501,43.488667,3.0,33.0,34560.0,Poussan,5393.939393939394
63608.0,3.885655,43.60594,2.0,24.0,34000.0,Montpellier,2650.3333333333335
82500.0,3.873657,43.624511,1.0,17.0,34090.0,Montpellier,4852.941176470588
192000.0,3.726109,43.425345,3.0,69.0,34110.0,Frontignan,2782.608695652174
72500.0,3.692117,43.406246,2.0,30.0,34200.0,Sète,2416.6666666666665
265000.0,3.874264,43.609854,2.0,61.0,34000.0,Montpellier,4344.262295081967
74000.0,3.698197,43.40895,2.0,40.0,34200.0,Sète,1850.0
190500.0,4.062919,43.562625,2.0,34.0,34280.0,La Grande-Motte,5602.941176470588
113090.0,4.062919,43.562625,2.0,17.0,34280.0,La Grande-Motte,6652.35294117647
201500.0,3.874702,43.61107,2.0,50.0,34000.0,Montpellier,4030.0
147200.0,3.989265,43.547523,2.0,25.0,34130.0,Mauguio,5888.0
65000.0,3.857794,43.612319,1.0,18.0,34070.0,Montpellier,3611.1111111111113
74450.0,4.086291,43.559419,1.0,18.0,34280.0,La Grande-Motte,4136.111111111111
139000.0,3.772797,43.433146,2.0,25.0,34110.0,Frontignan,5560.0
123000.0,3.886522,43.592608,1.0,78.0,34070.0,Montpellier,1576.923076923077
209450.0,3.939273,43.530233,3.0,56.0,34250.0,Palavas-les-Flots,3740.1785714285716
145000.0,3.867284,43.59399,4.0,67.0,34070.0,Montpellier,2164.179104477612
78050.0,3.693724,43.404259,2.0,38.0,34200.0,Sète,2053.9473684210525
168000.0,3.700084,43.411125,3.0,70.0,34200.0,Sète,2400.0
210000.0,3.875999,43.613035,2.0,44.0,34000.0,Montpellier,4772.727272727273
166900.0,3.902657,43.597912,1.0,25.0,34000.0,Montpellier,6676.0
96088.0,3.891022,43.590893,1.0,21.0,34070.0,Montpellier,4575.619047619048
146000.0,3.878575,43.602153,2.0,38.0,34000.0,Montpellier,3842.1052631578946
192500.0,3.973758,43.546211,2.0,30.0,34130.0,Mauguio,6416.666666666667
276500.0,4.011371,43.618501,3.0,57.0,34130.0,Mauguio,4850.877192982456
96880.0,3.929698,43.526731,1.0,26.0,34250.0,Palavas-les-Flots,3726.153846153846
48813.0,3.685844,43.447968,1.0,20.0,34540.0,Balaruc-les-Bains,2440.65
105000.0,3.873526,43.619335,1.0,31.0,34090.0,Montpellier,3387.0967741935483
184620.0,3.871668,43.606245,2.0,43.0,34000.0,Montpellier,4293.488372093023
102000.0,3.773835,43.433228,2.0,24.0,34110.0,Frontignan,4250.0
131090.0,3.930388,43.529086,2.0,29.0,34250.0,Palavas-les-Flots,4520.3448275862065
174500.0,3.846225,43.615092,3.0,56.0,34070.0,Montpellier,3116.0714285714284
95500.0,3.90809,43.631008,1.0,24.0,34170.0,Castelnau-le-Lez,3979.1666666666665
74000.0,3.889208,43.60492,1.0,19.0,34000.0,Montpellier,3894.7368421052633
159000.0,3.90809,43.631008,1.0,36.0,34170.0,Castelnau-le-Lez,4416.666666666667
104850.0,3.430089,43.626809,3.0,76.0,34800.0,Clermont-l'Hérault,1379.6052631578948
299250.0,3.698898,43.407268,4.0,66.0,34200.0,Sète,4534.090909090909
100340.0,3.881962,43.606934,1.0,13.0,34000.0,Montpellier,7718.461538461538
592000.0,3.865975,43.598651,5.0,132.0,34070.0,Montpellier,4484.848484848485
81000.0,3.891022,43.590893,1.0,21.0,34070.0,Montpellier,3857.1428571428573
464490.0,3.914752,43.566833,4.0,118.0,34970.0,Lattes,3936.35593220339
290000.0,3.878869,43.611934,3.0,94.0,34000.0,Montpellier,3085.1063829787236
87000.0,3.967923,43.658157,1.0,27.0,34740.0,Vendargues,3222.222222222222
283100.0,3.876726,43.611871,3.0,55.0,34000.0,Montpellier,5147.272727272727
169000.0,3.754663,43.446927,3.0,78.0,34110.0,Frontignan,2166.6666666666665
800000.0,3.828156,43.613661,8.0,166.0,34080.0,Montpellier,4819.277108433735
197830.0,4.104996,43.572214,3.0,42.0,34280.0,La Grande-Motte,4710.238095238095
91270.0,3.878575,43.602153,1.0,19.0,34000.0,Montpellier,4803.684210526316
65550.0,3.878575,43.602153,1.0,19.0,34000.0,Montpellier,3450.0
168000.0,3.69761,43.408713,2.0,42.0,34200.0,Sète,4000.0
109000.0,3.916172,43.632559,1.0,30.0,34170.0,Castelnau-le-Lez,3633.3333333333335
65000.0,3.876339,43.581538,1.0,33.0,34070.0,Montpellier,1969.6969696969697
129155.0,3.680663,43.440786,1.0,27.0,34540.0,Balaruc-les-Bains,4783.518518518518
127550.0,3.874398,43.609743,2.0,32.0,34000.0,Montpellier,3985.9375
141070.0,3.660277,43.448459,2.0,37.0,34140.0,Bouzigues,3812.7027027027025
90000.0,3.887367,43.603241,1.0,19.0,34000.0,Montpellier,4736.8421052631575
190000.0,3.868251,43.627279,3.0,71.0,34090.0,Montpellier,2676.056338028169
164500.0,3.873265,43.620356,2.0,35.0,34090.0,Montpellier,4700.0
85000.0,3.910022,43.631368,1.0,19.0,34170.0,Castelnau-le-Lez,4473.684210526316
135000.0,3.608259,43.423222,2.0,45.0,34140.0,Mèze,3000.0
250000.0,4.014298,43.658338,3.0,60.0,34670.0,Baillargues,4166.666666666667
141000.0,3.85736,43.608531,4.0,76.0,34070.0,Montpellier,1855.2631578947369
112150.0,3.699413,43.399286,2.0,29.0,34200.0,Sète,3867.2413793103447
290000.0,3.873948,43.621084,6.0,170.0,34090.0,Montpellier,1705.8823529411766
200710.0,3.902916,43.610334,2.0,50.0,34000.0,Montpellier,4014.2
151000.0,3.694132,43.5154,2.0,64.0,34560.0,Montbazin,2359.375
220000.0,3.837947,43.613467,4.0,66.0,34080.0,Montpellier,3333.3333333333335
770200.0,3.967952,43.656451,6.0,118.0,34740.0,Vendargues,6527.118644067797
210490.0,3.939273,43.530233,3.0,58.0,34250.0,Palavas-les-Flots,3629.137931034483
90500.0,3.833475,43.639115,1.0,24.0,34090.0,Montpellier,3770.8333333333335
245000.0,3.878078,43.608494,2.0,49.0,34000.0,Montpellier,5000.0
127130.0,3.864129,43.690636,1.0,26.0,34730.0,Prades-le-Lez,4889.615384615385
69000.0,3.852553,43.621567,1.0,22.0,34090.0,Montpellier,3136.3636363636365
176500.0,3.875359,43.612905,3.0,56.0,34000.0,Montpellier,3151.785714285714
227425.0,4.08046,43.561437,2.0,48.0,34280.0,La Grande-Motte,4738.020833333333
167500.0,3.874537,43.592335,3.0,79.0,34070.0,Montpellier,2120.253164556962
82000.0,3.856655,43.631871,1.0,18.0,34090.0,Montpellier,4555.555555555556
170000.0,3.889789,43.594165,4.0,74.0,34070.0,Montpellier,2297.2972972972975
148000.0,4.063959,43.561744,2.0,24.0,34280.0,La Grande-Motte,6166.666666666667
178000.0,3.871794,43.602753,3.0,67.0,34000.0,Montpellier,2656.716417910448
84500.0,3.693933,43.408223,2.0,45.0,34200.0,Sète,1877.7777777777778
90000.0,3.694781,43.397201,2.0,35.0,34200.0,Sète,2571.4285714285716
57000.0,4.087544,43.558937,1.0,16.0,34280.0,La Grande-Motte,3562.5
119650.0,4.082632,43.560735,1.0,25.0,34280.0,La Grande-Motte,4786.0
63000.0,3.852553,43.621567,1.0,17.0,34090.0,Montpellier,3705.8823529411766
225000.0,3.948924,43.533022,2.0,39.0,34250.0,Palavas-les-Flots,5769.2307692307695
45000.0,3.876339,43.581538,1.0,19.0,34070.0,Montpellier,2368.4210526315787
215768.05,4.133983,43.718348,3.0,52.0,34400.0,Villetelle,4149.385576923077
95000.0,3.437958,43.623084,4.0,95.0,34800.0,Clermont-l'Hérault,1000.0
160000.0,3.690968,43.406614,2.0,58.0,34200.0,Sète,2758.6206896551726
121000.0,3.876761,43.612202,1.0,23.0,34000.0,Montpellier,5260.869565217391
327726.0,3.875227,43.611477,5.0,74.0,34000.0,Montpellier,4428.72972972973
140000.0,3.875995,43.607495,2.0,34.0,34000.0,Montpellier,4117.64705882353
254990.0,3.899793,43.597635,3.0,68.0,34000.0,Montpellier,3749.8529411764707
214600.0,3.879048,43.606964,3.0,60.0,34000.0,Montpellier,3576.6666666666665
61000.0,3.429244,43.628709,1.0,33.0,34800.0,Clermont-l'Hérault,1848.4848484848485
185000.0,3.691237,43.39664,2.0,37.0,34200.0,Sète,5000.0
110000.0,3.86002,43.628295,2.0,22.0,34090.0,Montpellier,5000.0
80000.0,3.694302,43.401096,2.0,40.0,34200.0,Sète,2000.0
253700.0,3.873647,43.604204,3.0,62.0,34000.0,Montpellier,4091.935483870968
86070.0,4.135859,43.675031,2.0,45.0,34400.0,Lunel,1912.6666666666667
220000.0,3.951386,43.534103,2.0,41.0,34250.0,Palavas-les-Flots,5365.8536585365855
66000.0,3.894636,43.599749,1.0,21.0,34070.0,Montpellier,3142.8571428571427
74000.0,3.87903,43.612098,1.0,13.0,34000.0,Montpellier,5692.307692307692
129000.0,3.693804,43.401261,2.0,43.0,34200.0,Sète,3000.0
58000.0,4.061521,43.561546,1.0,22.0,34280.0,La Grande-Motte,2636.3636363636365
123000.0,3.67859,43.441682,2.0,24.0,34540.0,Balaruc-les-Bains,5125.0
85200.0,4.09023,43.559121,1.0,19.0,34280.0,La Grande-Motte,4484.210526315789
64000.0,3.846555,43.619867,1.0,30.0,34080.0,Montpellier,2133.3333333333335
152365.0,3.87125,43.608428,2.0,27.0,34000.0,Montpellier,5643.148148148148
125755.0,3.679772,43.440756,2.0,25.0,34540.0,Balaruc-les-Bains,5030.2
540000.0,4.135237,43.673978,3.0,85.0,34400.0,Lunel,6352.941176470588
206000.0,3.930312,43.527408,2.0,33.0,34250.0,Palavas-les-Flots,6242.424242424242
123000.0,4.082632,43.560735,1.0,25.0,34280.0,La Grande-Motte,4920.0
180000.0,4.004395,43.616306,1.0,44.0,34130.0,Mauguio,4090.909090909091
226150.0,3.888147,43.656943,3.0,53.0,34830.0,Clapiers,4266.981132075472
75500.0,3.71117,43.500538,3.0,48.0,34770.0,Gigean,1572.9166666666667
42000.0,3.317178,43.730903,2.0,28.0,34700.0,Lodève,1500.0
95000.0,3.878785,43.612933,1.0,25.0,34000.0,Montpellier,3800.0
275000.0,3.970325,43.63672,4.0,100.0,34130.0,Saint-Aunès,2750.0
82000.0,3.860855,43.603947,1.0,26.0,34070.0,Montpellier,3153.846153846154
345000.0,3.875515,43.614148,2.0,77.0,34000.0,Montpellier,4480.519480519481
85000.0,3.433648,43.626843,2.0,66.0,34800.0,Clermont-l'Hérault,1287.878787878788
115000.0,3.736365,43.429836,2.0,43.0,34110.0,Frontignan,2674.4186046511627
93300.0,4.137442,43.676651,2.0,50.0,34400.0,Lunel,1866.0
303000.0,4.132281,43.67795,4.0,129.0,34400.0,Lunel,2348.8372093023254
283800.0,3.824811,43.57596,3.0,67.0,34430.0,Saint-Jean-de-Védas,4235.820895522388
102600.0,3.834146,43.608785,1.0,36.0,34070.0,Montpellier,2850.0
181600.0,3.8707,43.604519,2.0,46.0,34000.0,Montpellier,3947.8260869565215
132000.0,3.878575,43.602153,2.0,31.0,34000.0,Montpellier,4258.064516129032
113000.0,3.862351,43.531604,2.0,39.0,34750.0,Villeneuve-lès-Maguelone,2897.4358974358975
104990.0,3.773835,43.433228,2.0,25.0,34110.0,Frontignan,4199.6
138000.0,3.885208,43.600898,1.0,35.0,34070.0,Montpellier,3942.8571428571427
96600.0,3.699039,43.410166,1.0,20.0,34200.0,Sète,4830.0
240000.0,3.879491,43.602844,4.0,62.0,34000.0,Montpellier,3870.967741935484
66500.0,3.852553,43.621567,1.0,22.0,34090.0,Montpellier,3022.7272727272725
90000.0,3.874106,43.608411,1.0,25.0,34000.0,Montpellier,3600.0
87747.0,3.685844,43.447968,2.0,30.0,34540.0,Balaruc-les-Bains,2924.9
60000.0,3.862843,43.610041,1.0,28.0,34070.0,Montpellier,2142.8571428571427
112000.0,3.874338,43.608373,1.0,26.0,34000.0,Montpellier,4307.692307692308
118560.0,3.870722,43.607908,3.0,60.0,34000.0,Montpellier,1976.0
185649.0,3.884799,43.604968,3.0,43.0,34070.0,Montpellier,4317.418604651163
380000.0,3.888198,43.620449,8.0,134.0,34000.0,Montpellier,2835.820895522388
191800.0,4.087028,43.558409,1.0,43.0,34280.0,La Grande-Motte,4460.46511627907
93000.0,3.878575,43.602153,1.0,19.0,34000.0,Montpellier,4894.736842105263
130000.0,4.180794,43.664519,3.0,64.0,34590.0,Marsillargues,2031.25
158000.0,3.871778,43.60814,3.0,62.0,34000.0,Montpellier,2548.3870967741937
174000.0,3.86213,43.604886,4.0,81.0,34070.0,Montpellier,2148.1481481481483
230000.0,4.09878,43.566398,2.0,69.0,34280.0,La Grande-Motte,3333.3333333333335
81690.0,3.910884,43.632502,1.0,20.0,34170.0,Castelnau-le-Lez,4084.5
260000.0,3.862739,43.532541,6.0,114.0,34750.0,Villeneuve-lès-Maguelone,2280.7017543859647
51500.0,3.818512,43.638439,4.0,79.0,34080.0,Montpellier,651.8987341772151
120000.0,3.883401,43.603436,2.0,39.0,34000.0,Montpellier,3076.923076923077
110500.0,3.972422,43.543136,1.0,27.0,34130.0,Mauguio,4092.5925925925926
183000.0,3.891485,43.60737,3.0,61.0,34000.0,Montpellier,3000.0
100000.0,3.875375,43.612671,1.0,25.0,34000.0,Montpellier,4000.0
345000.0,3.90362,43.569937,4.0,90.0,34970.0,Lattes,3833.3333333333335
154820.0,3.927201,43.526982,2.0,37.0,34250.0,Palavas-les-Flots,4184.324324324324
85000.0,3.885065,43.605172,2.0,25.0,34070.0,Montpellier,3400.0
156000.0,3.693669,43.398696,3.0,56.0,34200.0,Sète,2785.714285714286
274300.0,3.861089,43.533493,4.0,69.0,34750.0,Villeneuve-lès-Maguelone,3975.3623188405795
115000.0,3.875159,43.607989,2.0,40.0,34000.0,Montpellier,2875.0
207000.0,3.881918,43.607734,3.0,48.0,34000.0,Montpellier,4312.5
346100.0,3.866208,43.60959,3.0,70.0,34070.0,Montpellier,4944.285714285715
130000.0,3.692158,43.405629,2.0,39.0,34200.0,Sète,3333.3333333333335
77375.0,3.891022,43.590893,1.0,21.0,34070.0,Montpellier,3684.5238095238096
104400.0,4.091448,43.559978,1.0,26.0,34280.0,La Grande-Motte,4015.3846153846152
147400.0,4.049764,43.560621,2.0,27.0,34280.0,La Grande-Motte,5459.259259259259
75500.0,3.882486,43.61865,1.0,15.0,34000.0,Montpellier,5033.333333333333
131500.0,3.69635,43.402305,3.0,55.0,34200.0,Sète,2390.909090909091
136640.0,3.88468,43.605345,2.0,33.0,34070.0,Montpellier,4140.606060606061
142450.0,4.08967,43.557715,2.0,36.0,34280.0,La Grande-Motte,3956.9444444444443
155000.0,4.083749,43.561222,2.0,38.0,34280.0,La Grande-Motte,4078.9473684210525
340000.0,3.929791,43.52869,5.0,80.0,34250.0,Palavas-les-Flots,4250.0
79370.0,3.908754,43.630972,1.0,19.0,34170.0,Castelnau-le-Lez,4177.368421052632
168060.0,3.67152,43.489111,3.0,85.0,34560.0,Poussan,1977.1764705882354
115660.0,4.063959,43.561744,2.0,24.0,34280.0,La Grande-Motte,4819.166666666667
120000.0,3.866354,43.599036,2.0,30.0,34070.0,Montpellier,4000.0
51200.0,3.693829,43.400464,1.0,25.0,34200.0,Sète,2048.0
187000.0,4.103935,43.569807,2.0,31.0,34280.0,La Grande-Motte,6032.258064516129
84500.0,3.55262,43.700609,3.0,57.0,34150.0,Saint-Jean-de-Fos,1482.4561403508771
105990.0,3.866346,43.613954,1.0,19.0,34000.0,Montpellier,5578.421052631579
68000.0,3.852553,43.621567,1.0,18.0,34090.0,Montpellier,3777.777777777778
207150.0,3.879177,43.61193,2.0,42.0,34000.0,Montpellier,4932.142857142857
107000.0,4.091782,43.561731,1.0,23.0,34280.0,La Grande-Motte,4652.173913043478
86945.0,3.871034,43.629115,1.0,17.0,34090.0,Montpellier,5114.411764705882
90000.0,3.877104,43.615745,1.0,24.0,34090.0,Montpellier,3750.0
68820.0,3.882486,43.61865,1.0,21.0,34000.0,Montpellier,3277.1428571428573
132500.0,4.099585,43.567691,1.0,26.0,34280.0,La Grande-Motte,5096.153846153846
149000.0,4.067488,43.619303,3.0,73.0,34130.0,Candillargues,2041.0958904109589
243363.0,3.926794,43.525293,4.0,115.0,34250.0,Palavas-les-Flots,2116.2
117120.0,4.176885,43.669009,3.0,52.0,34590.0,Marsillargues,2252.3076923076924
127800.0,3.86512,43.608122,2.0,40.0,34070.0,Montpellier,3195.0
142056.0,3.873823,43.610311,2.0,34.0,34000.0,Montpellier,4178.117647058823
85000.0,3.857702,43.633263,1.0,18.0,34090.0,Montpellier,4722.222222222223
219300.0,4.036284,43.697221,3.0,70.0,34160.0,Saint-Geniès-des-Mourgues,3132.8571428571427
78000.0,4.087544,43.558937,1.0,18.0,34280.0,La Grande-Motte,4333.333333333333
110400.0,3.879028,43.610892,1.0,25.0,34000.0,Montpellier,4416.0
290000.0,3.606144,43.42534,4.0,134.0,34140.0,Mèze,2164.179104477612
87400.0,3.693236,43.40967,2.0,23.0,34200.0,Sète,3800.0
62500.0,3.662542,43.4023,1.0,20.0,34200.0,Sète,3125.0
202430.0,3.887215,43.603894,2.0,46.0,34000.0,Montpellier,4400.652173913043
119000.0,3.894456,43.607935,1.0,30.0,34000.0,Montpellier,3966.6666666666665
140000.0,3.844744,43.633909,2.0,60.0,34090.0,Montpellier,2333.3333333333335
78500.0,3.857794,43.612319,1.0,18.0,34070.0,Montpellier,4361.111111111111
70000.0,4.13876,43.676961,2.0,35.0,34400.0,Lunel,2000.0
287000.0,4.08046,43.561437,2.0,54.0,34280.0,La Grande-Motte,5314.814814814815
80000.0,3.882876,43.605891,1.0,14.0,34070.0,Montpellier,5714.285714285715
153000.0,3.694431,43.403819,2.0,44.0,34200.0,Sète,3477.2727272727275
185000.0,3.69476,43.397164,2.0,35.0,34200.0,Sète,5285.714285714285
82500.0,3.878575,43.602153,1.0,19.0,34000.0,Montpellier,4342.105263157895
30000.0,3.874735,43.617747,1.0,20.0,34090.0,Montpellier,1500.0
112457.0,3.866346,43.613954,1.0,21.0,34000.0,Montpellier,5355.0952380952385
127000.0,3.908616,43.631966,2.0,37.0,34170.0,Castelnau-le-Lez,3432.4324324324325
91479.0,3.876934,43.617321,1.0,18.0,34090.0,Montpellier,5082.166666666667
85200.0,3.882486,43.61865,1.0,22.0,34000.0,Montpellier,3872.7272727272725
106500.0,3.690009,43.409302,2.0,33.0,34200.0,Sète,3227.2727272727275
154000.0,4.090267,43.679078,2.0,67.0,34400.0,Lunel-Viel,2298.507462686567
105970.0,3.666158,43.405329,2.0,27.0,34200.0,Sète,3924.814814814815
83000.0,3.868901,43.607541,1.0,22.0,34000.0,Montpellier,3772.7272727272725
220000.0,3.875515,43.614148,1.0,29.0,34000.0,Montpellier,7586.206896551724
98830.0,3.898506,43.601685,1.0,19.0,34000.0,Montpellier,5201.578947368421
1160000.0,3.828156,43.613661,8.0,166.0,34080.0,Montpellier,6987.951807228916
305290.0,3.872646,43.607305,3.0,75.0,34000.0,Montpellier,4070.5333333333333
70000.0,3.837947,43.613467,2.0,30.0,34080.0,Montpellier,2333.3333333333335
190000.0,4.086656,43.55888,1.0,31.0,34280.0,La Grande-Motte,6129.032258064516
88000.0,3.849118,43.636798,1.0,23.0,34090.0,Montpellier,3826.086956521739
120000.0,3.866471,43.608041,3.0,43.0,34070.0,Montpellier,2790.6976744186045
234750.0,3.897776,43.63215,3.0,62.0,34170.0,Castelnau-le-Lez,3786.2903225806454
225300.0,3.815275,43.690581,2.0,43.0,34980.0,Saint-Gély-du-Fesc,5239.53488372093
146000.0,3.875357,43.631321,1.0,27.0,34090.0,Montpellier,5407.407407407408
74000.0,3.85269,43.603029,2.0,26.0,34070.0,Montpellier,2846.153846153846
399000.0,3.880187,43.607578,6.0,140.0,34000.0,Montpellier,2850.0
56250.0,3.86584,43.607534,1.0,55.0,34070.0,Montpellier,1022.7272727272727
110250.0,3.86584,43.607534,2.0,46.0,34070.0,Montpellier,2396.7391304347825
70000.0,3.878575,43.602153,1.0,19.0,34000.0,Montpellier,3684.2105263157896
175000.0,3.867284,43.59399,4.0,83.0,34070.0,Montpellier,2108.4337349397592
128900.0,3.877586,43.612912,2.0,35.0,34000.0,Montpellier,3682.8571428571427
80000.0,3.692441,43.405106,3.0,40.0,34200.0,Sète,2000.0
133000.0,3.698046,43.403783,2.0,55.0,34200.0,Sète,2418.181818181818
137000.0,3.872207,43.618998,2.0,35.0,34090.0,Montpellier,3914.285714285714
85500.0,3.861278,43.532861,2.0,48.0,34750.0,Villeneuve-lès-Maguelone,1781.25
98000.0,3.878575,43.602153,1.0,19.0,34000.0,Montpellier,5157.894736842105
89000.0,3.87639,43.606971,2.0,31.0,34000.0,Montpellier,2870.967741935484
120000.0,4.137674,43.678402,3.0,70.0,34400.0,Lunel,1714.2857142857142
73775.0,4.087544,43.558937,1.0,16.0,34280.0,La Grande-Motte,4610.9375
281000.0,4.119469,43.671537,4.0,82.0,34400.0,Lunel,3426.829268292683
101300.0,4.088166,43.559397,1.0,22.0,34280.0,La Grande-Motte,4604.545454545455
121500.0,3.975825,43.660395,3.0,71.0,34740.0,Vendargues,1711.2676056338028
151000.0,3.805468,43.695896,2.0,43.0,34980.0,Saint-Gély-du-Fesc,3511.6279069767443
82650.0,3.891022,43.590893,1.0,23.0,34070.0,Montpellier,3593.478260869565
94900.0,3.696254,43.401945,2.0,26.0,34200.0,Sète,3650.0
173000.0,3.846371,43.606804,4.0,63.0,34070.0,Montpellier,2746.031746031746
80000.0,3.549715,43.652928,1.0,38.0,34150.0,Gignac,2105.2631578947367
122005.0,3.827536,43.61112,2.0,42.0,34070.0,Montpellier,2904.8809523809523
128050.0,3.962632,43.635646,1.0,31.0,34130.0,Saint-Aunès,4130.645161290323
163000.0,3.875437,43.617671,1.0,28.0,34090.0,Montpellier,5821.428571428572
178850.0,4.104996,43.572214,2.0,32.0,34280.0,La Grande-Motte,5589.0625
93000.0,3.876378,43.60781,2.0,34.0,34000.0,Montpellier,2735.294117647059
75000.0,4.12951,43.677388,1.0,30.0,34400.0,Lunel,2500.0
249300.0,3.883278,43.605203,3.0,52.0,34070.0,Montpellier,4794.2307692307695
90670.0,3.880815,43.603947,1.0,32.0,34000.0,Montpellier,2833.4375
216614.0,3.797671,43.506186,3.0,99.0,34110.0,Mireval,2188.020202020202
142000.0,3.757342,43.450893,3.0,101.0,34110.0,Frontignan,1405.9405940594058
142000.0,3.874671,43.608236,2.0,35.0,34000.0,Montpellier,4057.1428571428573
95000.0,3.900312,43.623084,2.0,30.0,34170.0,Castelnau-le-Lez,3166.6666666666665
89000.0,4.086656,43.55888,1.0,31.0,34280.0,La Grande-Motte,2870.967741935484
155300.0,3.870129,43.604545,1.0,40.0,34000.0,Montpellier,3882.5
116000.0,3.696554,43.410162,2.0,33.0,34200.0,Sète,3515.151515151515
265000.0,3.698021,43.40087,4.0,108.0,34200.0,Sète,2453.703703703704
135000.0,3.875634,43.607098,2.0,41.0,34000.0,Montpellier,3292.682926829268
190000.0,3.875506,43.608649,2.0,40.0,34000.0,Montpellier,4750.0
195000.0,3.795873,43.442394,3.0,39.0,34110.0,Frontignan,5000.0
57000.0,3.852553,43.621567,1.0,18.0,34090.0,Montpellier,3166.6666666666665
79000.0,3.829928,43.614546,2.0,31.0,34080.0,Montpellier,2548.3870967741937
130000.0,3.873951,43.609829,2.0,39.0,34000.0,Montpellier,3333.3333333333335
10435.5,3.81587,43.622093,1.0,13.0,34080.0,Montpellier,802.7307692307693
98000.0,3.878575,43.602153,1.0,19.0,34000.0,Montpellier,5157.894736842105
135500.0,3.874868,43.615077,2.0,48.0,34000.0,Montpellier,2822.9166666666665
129000.0,3.97651,43.660498,3.0,77.0,34740.0,Vendargues,1675.3246753246754
113350.0,3.690662,43.404994,3.0,49.0,34200.0,Sète,2313.265306122449
170000.0,3.881407,43.606219,2.0,51.0,34000.0,Montpellier,3333.3333333333335
105000.0,4.090637,43.559671,1.0,26.0,34280.0,La Grande-Motte,4038.4615384615386
83000.0,3.77104,43.432764,2.0,27.0,34110.0,Frontignan,3074.074074074074
80000.0,3.832006,43.620973,1.0,20.0,34080.0,Montpellier,4000.0
155250.0,3.882735,43.615631,2.0,36.0,34000.0,Montpellier,4312.5
275100.0,4.084553,43.559678,1.0,65.0,34280.0,La Grande-Motte,4232.307692307692
143180.0,4.062919,43.562625,2.0,23.0,34280.0,La Grande-Motte,6225.217391304348
125000.0,4.009746,43.613711,2.0,42.0,34130.0,Mauguio,2976.190476190476
212960.0,3.69761,43.408713,3.0,46.0,34200.0,Sète,4629.565217391304
123000.0,3.690009,43.409302,2.0,34.0,34200.0,Sète,3617.6470588235293
192950.0,3.880752,43.602384,1.0,41.0,34000.0,Montpellier,4706.09756097561
52000.0,3.837947,43.613467,1.0,17.0,34080.0,Montpellier,3058.823529411765
142000.0,4.060875,43.560437,2.0,24.0,34280.0,La Grande-Motte,5916.666666666667
54000.0,3.693829,43.400464,1.0,20.0,34200.0,Sète,2700.0
140000.0,3.695337,43.409527,3.0,40.0,34200.0,Sète,3500.0
189930.0,3.864082,43.532822,3.0,65.0,34750.0,Villeneuve-lès-Maguelone,2922.0
180000.0,3.772797,43.433146,2.0,28.0,34110.0,Frontignan,6428.571428571428
108000.0,3.874285,43.60817,1.0,23.0,34000.0,Montpellier,4695.652173913043
97170.0,3.682016,43.441669,2.0,22.0,34540.0,Balaruc-les-Bains,4416.818181818182
76000.0,3.699861,43.403055,1.0,19.0,34200.0,Sète,4000.0
96500.0,3.753331,43.44738,2.0,40.0,34110.0,Frontignan,2412.5
86000.0,3.862511,43.610145,1.0,21.0,34070.0,Montpellier,4095.2380952380954
291410.0,3.877595,43.607665,2.0,48.0,34000.0,Montpellier,6071.041666666667
332920.0,3.561454,43.582488,5.0,133.0,34230.0,Vendémian,2503.157894736842
80750.0,3.692199,43.404531,1.0,30.0,34200.0,Sète,2691.6666666666665
87000.0,3.796387,43.647859,2.0,25.0,34790.0,Grabels,3480.0
220000.0,3.696935,43.410367,4.0,74.0,34200.0,Sète,2972.972972972973
35000.0,4.084553,43.559678,1.0,65.0,34280.0,La Grande-Motte,538.4615384615385
319900.0,4.1374,43.682573,4.0,94.0,34400.0,Lunel,3403.191489361702
132000.0,3.877738,43.613492,4.0,55.0,34000.0,Montpellier,2400.0
168850.0,3.87658,43.614788,2.0,39.0,34000.0,Montpellier,4329.48717948718
290000.0,3.82553,43.577487,4.0,130.0,34430.0,Saint-Jean-de-Védas,2230.769230769231
144750.0,3.679159,43.394213,2.0,30.0,34200.0,Sète,4825.0
390000.0,3.86765,43.611114,4.0,85.0,34000.0,Montpellier,4588.235294117647
85530.0,3.857702,43.633263,1.0,18.0,34090.0,Montpellier,4751.666666666667
180000.0,3.86213,43.604886,3.0,65.0,34070.0,Montpellier,2769.230769230769
240000.0,3.889267,43.606138,3.0,55.0,34000.0,Montpellier,4363.636363636364
1050000.0,3.694756,43.40021,9.0,156.0,34200.0,Sète,6730.7692307692305
356650.0,3.911367,43.61604,5.0,95.0,34000.0,Montpellier,3754.2105263157896
210000.0,3.876339,43.609796,3.0,74.0,34000.0,Montpellier,2837.837837837838
207600.0,3.831059,43.57695,2.0,49.0,34430.0,Saint-Jean-de-Védas,4236.734693877551
459310.0,3.859572,43.611392,2.0,130.0,34070.0,Montpellier,3533.153846153846
230000.0,3.892073,43.621437,5.0,85.0,34000.0,Montpellier,2705.8823529411766
82000.0,4.170187,43.666607,2.0,25.0,34590.0,Marsillargues,3280.0
55000.0,3.876339,43.581538,1.0,19.0,34070.0,Montpellier,2894.7368421052633
161000.0,3.694186,43.404902,2.0,55.0,34200.0,Sète,2927.2727272727275
55200.0,3.824287,43.61458,1.0,17.0,34080.0,Montpellier,3247.0588235294117
122000.0,3.985931,43.547005,1.0,23.0,34130.0,Mauguio,5304.347826086957
135235.0,3.971642,43.543592,2.0,30.0,34130.0,Mauguio,4507.833333333333
182291.0,3.82992,43.576901,2.0,47.0,34430.0,Saint-Jean-de-Védas,3878.531914893617
66000.0,3.824038,43.613803,1.0,30.0,34080.0,Montpellier,2200.0
173600.0,3.882037,43.604835,3.0,54.0,34000.0,Montpellier,3214.814814814815
54000.0,3.870132,43.60253,2.0,21.0,34000.0,Montpellier,2571.4285714285716
65000.0,3.854352,43.622296,1.0,20.0,34090.0,Montpellier,3250.0
50000.0,3.866894,43.592834,1.0,19.0,34070.0,Montpellier,2631.5789473684213
153100.0,3.865829,43.607056,3.0,56.0,34070.0,Montpellier,2733.9285714285716
87025.0,3.863097,43.531551,2.0,39.0,34750.0,Villeneuve-lès-Maguelone,2231.4102564102564
97000.0,3.82318,43.614018,2.0,42.0,34080.0,Montpellier,2309.5238095238096
135000.0,4.092313,43.557566,2.0,54.0,34280.0,La Grande-Motte,2500.0
383800.0,3.696254,43.401945,4.0,56.0,34200.0,Sète,6853.571428571428
203300.0,3.895334,43.606638,2.0,58.0,34000.0,Montpellier,3505.1724137931033
126000.0,3.976577,43.661069,3.0,77.0,34740.0,Vendargues,1636.3636363636363
150000.0,3.86213,43.604886,3.0,65.0,34070.0,Montpellier,2307.6923076923076
72000.0,3.694396,43.400552,3.0,61.0,34200.0,Sète,1180.327868852459
55000.0,3.690546,43.40498,2.0,24.0,34200.0,Sète,2291.6666666666665
37000.0,3.872398,43.607581,2.0,18.0,34000.0,Montpellier,2055.5555555555557
148500.0,3.898207,43.617475,1.0,35.0,34000.0,Montpellier,4242.857142857143
174400.0,3.492186,43.600424,4.0,109.0,34800.0,Canet,1600.0
98750.0,3.886139,43.659332,2.0,30.0,34830.0,Clapiers,3291.6666666666665
86620.0,3.886139,43.659332,2.0,26.0,34830.0,Clapiers,3331.5384615384614
176000.0,3.877158,43.608489,2.0,45.0,34000.0,Montpellier,3911.1111111111113
369000.0,3.698846,43.405591,4.0,95.0,34200.0,Sète,3884.2105263157896
49200.0,3.897996,43.603349,1.0,18.0,34000.0,Montpellier,2733.3333333333335
90050.0,3.908754,43.630972,1.0,19.0,34170.0,Castelnau-le-Lez,4739.473684210527
110000.0,3.984297,43.546447,1.0,28.0,34130.0,Mauguio,3928.5714285714284
161000.0,4.100092,43.565075,2.0,31.0,34280.0,La Grande-Motte,5193.548387096775
245000.0,3.805278,43.697012,3.0,67.0,34980.0,Saint-Gély-du-Fesc,3656.716417910448
132300.0,3.939862,43.533843,1.0,27.0,34250.0,Palavas-les-Flots,4900.0
203600.0,3.879024,43.602103,2.0,36.0,34000.0,Montpellier,5655.555555555556
40000.0,3.693226,43.405187,2.0,30.0,34200.0,Sète,1333.3333333333333
145000.0,3.850279,43.603098,4.0,63.0,34070.0,Montpellier,2301.5873015873017
124250.0,3.893722,43.60234,2.0,36.0,34070.0,Montpellier,3451.3888888888887
79000.0,3.72421,43.922094,3.0,47.0,34190.0,Laroque,1680.8510638297873
260800.0,3.930985,43.528128,3.0,58.0,34250.0,Palavas-les-Flots,4496.551724137931
60000.0,3.31666,43.73063,3.0,44.0,34700.0,Lodève,1363.6363636363637
61000.0,3.852553,43.621567,1.0,22.0,34090.0,Montpellier,2772.7272727272725
138000.0,3.869145,43.604668,3.0,48.0,34000.0,Montpellier,2875.0
168200.0,3.607739,43.425038,1.0,48.0,34140.0,Mèze,3504.1666666666665
121710.0,3.603696,43.428304,4.0,84.0,34140.0,Mèze,1448.9285714285713
256700.0,3.76028,43.461044,4.0,75.0,34110.0,Frontignan,3422.6666666666665
274000.0,3.875324,43.607615,3.0,60.0,34000.0,Montpellier,4566.666666666667
23750.0,3.694488,43.400218,2.0,34.0,34200.0,Sète,698.5294117647059
143000.0,3.755607,43.444982,4.0,81.0,34110.0,Frontignan,1765.432098765432
174000.0,3.874627,43.602377,3.0,52.0,34000.0,Montpellier,3346.153846153846
104500.0,4.062919,43.562625,2.0,23.0,34280.0,La Grande-Motte,4543.478260869565
465000.0,3.698521,43.408593,3.0,105.0,34200.0,Sète,4428.571428571428
161330.0,3.65555,43.448532,2.0,40.0,34140.0,Bouzigues,4033.25
152000.0,3.696738,43.444772,2.0,40.0,34540.0,Balaruc-les-Bains,3800.0
158405.0,3.774874,43.432453,3.0,38.0,34110.0,Frontignan,4168.5526315789475
78900.0,3.854352,43.622296,1.0,22.0,34090.0,Montpellier,3586.3636363636365
106980.0,3.69761,43.408713,1.0,30.0,34200.0,Sète,3566.0
95000.0,3.878575,43.602153,1.0,19.0,34000.0,Montpellier,5000.0
329000.0,3.695376,43.407613,4.0,80.0,34200.0,Sète,4112.5
103000.0,3.849118,43.636798,1.0,23.0,34090.0,Montpellier,4478.260869565217
228835.0,3.936859,43.646988,2.0,41.0,34920.0,Le Crès,5581.341463414634
126500.0,3.662297,43.395177,2.0,25.0,34200.0,Sète,5060.0
217000.0,3.983718,43.546233,2.0,36.0,34130.0,Mauguio,6027.777777777777
121651.0,3.841269,43.615326,2.0,54.0,34080.0,Montpellier,2252.796296296296
170000.0,4.135286,43.677985,4.0,91.0,34400.0,Lunel,1868.131868131868
149500.0,3.888252,43.603847,2.0,32.0,34070.0,Montpellier,4671.875
80000.0,4.134461,43.674192,2.0,39.0,34400.0,Lunel,2051.2820512820513
111790.0,3.878938,43.601675,1.0,38.0,34000.0,Montpellier,2941.842105263158
65000.0,3.854352,43.622296,1.0,18.0,34090.0,Montpellier,3611.1111111111113
220000.0,3.837153,43.617384,8.0,170.0,34080.0,Montpellier,1294.1176470588234
20000.0,3.429836,43.626408,1.0,18.0,34800.0,Clermont-l'Hérault,1111.111111111111
120000.0,3.93721,43.649652,2.0,36.0,34920.0,Le Crès,3333.3333333333335
100000.0,3.666158,43.405329,2.0,24.0,34200.0,Sète,4166.666666666667
230200.0,3.868912,43.601163,2.0,52.0,34000.0,Montpellier,4426.923076923077
132000.0,3.870913,43.608099,2.0,35.0,34000.0,Montpellier,3771.4285714285716
104650.0,3.551738,43.653168,2.0,49.0,34150.0,Gignac,2135.714285714286
104785.02,3.694721,43.399012,1.0,30.0,34200.0,Sète,3492.8340000000003
48500.0,3.875243,43.609364,1.0,10.0,34000.0,Montpellier,4850.0
130000.0,3.837875,43.6391,2.0,39.0,34090.0,Montpellier,3333.3333333333335
249500.0,3.918108,43.521889,2.0,40.0,34250.0,Palavas-les-Flots,6237.5
186000.0,4.104996,43.572214,2.0,32.0,34280.0,La Grande-Motte,5812.5
192000.0,3.927794,43.527821,2.0,43.0,34250.0,Palavas-les-Flots,4465.116279069767
240000.0,3.695236,43.403969,2.0,66.0,34200.0,Sète,3636.3636363636365
168000.0,3.689727,43.405938,2.0,58.0,34200.0,Sète,2896.551724137931
95000.0,3.50452,43.650239,4.0,87.0,34725.0,Saint-André-de-Sangonis,1091.9540229885058
25000.0,3.698462,43.405244,1.0,20.0,34200.0,Sète,1250.0
83000.0,3.849118,43.636798,1.0,23.0,34090.0,Montpellier,3608.695652173913
177750.0,4.014732,43.658835,5.0,93.0,34670.0,Baillargues,1911.2903225806451
365000.0,3.782792,43.551821,5.0,110.0,34690.0,Fabrègues,3318.181818181818
120000.0,3.882919,43.605328,2.0,46.0,34070.0,Montpellier,2608.695652173913
79900.0,3.864633,43.610943,1.0,21.0,34000.0,Montpellier,3804.7619047619046
164000.0,3.608259,43.423222,2.0,33.0,34140.0,Mèze,4969.69696969697
96520.0,4.088166,43.559397,1.0,23.0,34280.0,La Grande-Motte,4196.521739130435
106000.0,3.674958,43.444547,1.0,28.0,34540.0,Balaruc-les-Bains,3785.714285714286
87500.0,4.092313,43.557566,1.0,20.0,34280.0,La Grande-Motte,4375.0
156000.0,4.087028,43.558409,2.0,53.0,34280.0,La Grande-Motte,2943.396226415094
267750.0,4.104445,43.570961,2.0,41.0,34280.0,La Grande-Motte,6530.487804878048
103000.0,3.925891,43.636461,1.0,22.0,34170.0,Castelnau-le-Lez,4681.818181818182
64000.0,3.852553,43.621567,1.0,18.0,34090.0,Montpellier,3555.5555555555557
313800.0,3.694054,43.403048,3.0,63.0,34200.0,Sète,4980.952380952381
162050.0,3.852553,43.621567,3.0,68.0,34090.0,Montpellier,2383.0882352941176
360000.0,3.694489,43.397416,5.0,104.0,34200.0,Sète,3461.5384615384614
105730.0,3.666158,43.405329,2.0,26.0,34200.0,Sète,4066.5384615384614
170380.0,3.773835,43.433228,2.0,26.0,34110.0,Frontignan,6553.076923076923
45000.0,3.85736,43.608531,1.0,15.0,34070.0,Montpellier,3000.0
94500.0,3.877104,43.615745,1.0,22.0,34090.0,Montpellier,4295.454545454545
88000.0,3.828331,43.614847,2.0,40.0,34080.0,Montpellier,2200.0
147030.0,3.876569,43.606854,2.0,38.0,34000.0,Montpellier,3869.2105263157896
96181.0,3.870333,43.60772,2.0,48.0,34000.0,Montpellier,2003.7708333333333
302000.0,3.695109,43.409934,3.0,55.0,34200.0,Sète,5490.909090909091
73500.0,3.894636,43.599749,1.0,20.0,34070.0,Montpellier,3675.0
65000.0,4.133209,43.675626,3.0,58.0,34400.0,Lunel,1120.6896551724137
149700.0,3.69447,43.407568,2.0,38.0,34200.0,Sète,3939.4736842105262
101200.0,3.699825,43.405172,2.0,26.0,34200.0,Sète,3892.3076923076924
140000.0,3.875464,43.613035,3.0,49.0,34000.0,Montpellier,2857.1428571428573
107500.0,3.885065,43.605172,2.0,25.0,34070.0,Montpellier,4300.0
117500.0,3.867489,43.594589,2.0,32.0,34070.0,Montpellier,3671.875
155000.0,3.85736,43.608531,4.0,69.0,34070.0,Montpellier,2246.376811594203
274350.0,3.890749,43.606067,3.0,71.0,34000.0,Montpellier,3864.0845070422533
175000.0,3.877273,43.609177,2.0,45.0,34000.0,Montpellier,3888.8888888888887
112000.0,3.695675,43.4058,1.0,25.0,34200.0,Sète,4480.0
202540.0,3.802936,43.58454,3.0,61.0,34880.0,Lavérune,3320.3278688524592
210500.0,3.669955,43.397163,3.0,55.0,34200.0,Sète,3827.2727272727275
128000.0,3.699882,43.404337,2.0,35.0,34200.0,Sète,3657.1428571428573
155000.0,3.895381,43.603174,2.0,45.0,34000.0,Montpellier,3444.4444444444443
159170.0,3.880614,43.616871,1.0,29.0,34090.0,Montpellier,5488.620689655172
156630.0,3.321766,43.729245,4.0,78.0,34700.0,Lodève,2008.076923076923
90000.0,3.856229,43.633435,1.0,21.0,34090.0,Montpellier,4285.714285714285
100000.0,3.755915,43.446066,3.0,52.0,34110.0,Frontignan,1923.076923076923
459000.0,4.001768,43.550893,3.0,79.0,34130.0,Mauguio,5810.126582278481
75530.0,3.832006,43.620973,1.0,20.0,34080.0,Montpellier,3776.5
133000.0,4.089072,43.558342,1.0,26.0,34280.0,La Grande-Motte,5115.384615384615
138700.0,3.662297,43.395177,2.0,30.0,34200.0,Sète,4623.333333333333
175000.0,3.971642,43.543592,2.0,43.0,34130.0,Mauguio,4069.767441860465
120000.0,3.87405,43.609177,2.0,34.0,34000.0,Montpellier,3529.4117647058824
177974.0,3.878718,43.613204,1.0,32.0,34000.0,Montpellier,5561.6875
673000.0,3.755913,43.585801,5.0,190.0,34570.0,Pignan,3542.1052631578946
78364.0,3.856007,43.590733,2.0,28.0,34070.0,Montpellier,2798.714285714286
134000.0,3.866354,43.599036,2.0,36.0,34070.0,Montpellier,3722.222222222222
100000.0,3.825337,43.613277,2.0,48.0,34080.0,Montpellier,2083.3333333333335
174900.0,4.06196,43.560782,2.0,32.0,34280.0,La Grande-Motte,5465.625
103000.0,3.868166,43.608087,1.0,32.0,34070.0,Montpellier,3218.75
10000.0,3.830239,43.610672,1.0,19.0,34070.0,Montpellier,526.3157894736842
487000.0,3.715123,43.500796,5.0,151.0,34770.0,Gigean,3225.1655629139073
175750.0,3.87683,43.609775,2.0,49.0,34000.0,Montpellier,3586.734693877551
40000.0,3.692098,43.404519,1.0,27.0,34200.0,Sète,1481.4814814814815
170000.0,3.931037,43.526765,1.0,24.0,34250.0,Palavas-les-Flots,7083.333333333333
165000.0,3.873636,43.618173,2.0,55.0,34090.0,Montpellier,3000.0
97000.0,4.092313,43.557566,1.0,18.0,34280.0,La Grande-Motte,5388.888888888889
91295.0,3.875009,43.609072,1.0,25.0,34000.0,Montpellier,3651.8
118225.0,3.875084,43.617688,1.0,30.0,34090.0,Montpellier,3940.8333333333335
70000.0,3.878938,43.601675,1.0,24.0,34000.0,Montpellier,2916.6666666666665
208000.0,3.894306,43.623446,4.0,67.0,34000.0,Montpellier,3104.4776119402986
152170.0,4.08046,43.561437,1.0,33.0,34280.0,La Grande-Motte,4611.212121212121
55787.0,3.685844,43.447968,2.0,23.0,34540.0,Balaruc-les-Bains,2425.521739130435
385500.0,3.696492,43.398167,3.0,155.0,34200.0,Sète,2487.0967741935483
68000.0,3.321045,43.732573,3.0,45.0,34700.0,Lodève,1511.111111111111
216775.0,3.889579,43.618227,4.0,67.0,34000.0,Montpellier,3235.4477611940297
171000.0,3.691062,43.409965,4.0,71.0,34200.0,Sète,2408.450704225352
91728.0,3.77104,43.432764,2.0,34.0,34110.0,Frontignan,2697.8823529411766
149020.0,3.862668,43.698893,2.0,48.0,34730.0,Prades-le-Lez,3104.5833333333335
68330.0,3.876339,43.581538,1.0,21.0,34070.0,Montpellier,3253.809523809524
175000.0,4.083812,43.559486,2.0,46.0,34280.0,La Grande-Motte,3804.3478260869565
70000.0,3.845393,43.620704,5.0,93.0,34080.0,Montpellier,752.6881720430108
163000.0,3.872285,43.638446,2.0,50.0,34090.0,Montpellier,3260.0
158000.0,3.875009,43.609072,2.0,40.0,34000.0,Montpellier,3950.0
163670.0,3.929516,43.526744,2.0,35.0,34250.0,Palavas-les-Flots,4676.285714285715
103500.0,4.092073,43.558992,1.0,28.0,34280.0,La Grande-Motte,3696.4285714285716
91800.0,4.068584,43.559818,1.0,22.0,34280.0,La Grande-Motte,4172.727272727273
240840.0,3.875238,43.608746,2.0,57.0,34000.0,Montpellier,4225.263157894737
180500.0,3.891485,43.60737,2.0,51.0,34000.0,Montpellier,3539.2156862745096
65000.0,3.863566,43.610819,1.0,36.0,34000.0,Montpellier,1805.5555555555557
107000.0,3.869163,43.625623,2.0,33.0,34090.0,Montpellier,3242.4242424242425
75000.0,3.874433,43.608613,1.0,19.0,34000.0,Montpellier,3947.3684210526317
204120.0,3.878523,43.615007,2.0,43.0,34000.0,Montpellier,4746.976744186047
140000.0,3.880592,43.601561,2.0,50.0,34000.0,Montpellier,2800.0
215000.0,3.878087,43.601472,3.0,59.0,34000.0,Montpellier,3644.0677966101694
104000.0,3.698165,43.403072,2.0,31.0,34200.0,Sète,3354.8387096774195
72400.0,4.092313,43.557566,1.0,19.0,34280.0,La Grande-Motte,3810.5263157894738
66000.0,3.854352,43.622296,1.0,22.0,34090.0,Montpellier,3000.0
89000.0,3.877104,43.615745,1.0,22.0,34090.0,Montpellier,4045.4545454545455
300000.0,3.67606,43.411641,3.0,129.0,34200.0,Sète,2325.5813953488373
130000.0,3.868377,43.604952,2.0,43.0,34000.0,Montpellier,3023.2558139534885
95740.0,3.873789,43.609816,1.0,23.0,34000.0,Montpellier,4162.608695652174
160000.0,3.847984,43.622477,2.0,45.0,34080.0,Montpellier,3555.5555555555557
105000.0,3.878662,43.609328,2.0,26.0,34000.0,Montpellier,4038.4615384615386
85500.0,3.880621,43.601422,1.0,14.0,34000.0,Montpellier,6107.142857142857
145850.0,3.886999,43.594906,4.0,88.0,34070.0,Montpellier,1657.3863636363637
92000.0,3.878575,43.602153,1.0,19.0,34000.0,Montpellier,4842.105263157895
157000.0,3.86969,43.606266,2.0,46.0,34000.0,Montpellier,3413.0434782608695
77900.0,3.698732,43.407721,1.0,16.0,34200.0,Sète,4868.75
115600.0,4.084553,43.559678,1.0,22.0,34280.0,La Grande-Motte,5254.545454545455
118000.0,3.688641,43.411608,3.0,71.0,34200.0,Sète,1661.9718309859154
201500.0,3.910656,43.607407,2.0,57.0,34000.0,Montpellier,3535.0877192982457
210000.0,3.879491,43.602844,3.0,62.0,34000.0,Montpellier,3387.0967741935483
111000.0,3.871095,43.607911,1.0,23.0,34000.0,Montpellier,4826.086956521739
165000.0,3.874643,43.609769,2.0,44.0,34000.0,Montpellier,3750.0
198845.0,3.879037,43.609909,2.0,41.0,34000.0,Montpellier,4849.878048780488
86000.0,4.133846,43.677608,3.0,59.0,34400.0,Lunel,1457.6271186440679
144500.0,3.868251,43.627279,2.0,35.0,34090.0,Montpellier,4128.571428571428
182000.0,3.837647,43.604385,3.0,73.0,34070.0,Montpellier,2493.150684931507
85000.0,3.86948,43.608417,2.0,25.0,34000.0,Montpellier,3400.0
77000.0,3.606388,43.425525,2.0,35.0,34140.0,Mèze,2200.0
111000.0,3.92884,43.527816,1.0,30.0,34250.0,Palavas-les-Flots,3700.0
120000.0,3.886139,43.659332,2.0,30.0,34830.0,Clapiers,4000.0
107430.0,3.77104,43.432764,2.0,28.0,34110.0,Frontignan,3836.785714285714
217000.0,3.432555,43.626979,5.0,118.0,34800.0,Clermont-l'Hérault,1838.9830508474577
80550.0,3.841541,43.621563,1.0,22.0,34080.0,Montpellier,3661.3636363636365
66000.0,3.695502,43.409601,2.0,35.0,34200.0,Sète,1885.7142857142858
190000.0,3.69687,43.401868,2.0,55.0,34200.0,Sète,3454.5454545454545
76000.0,3.857794,43.612319,1.0,18.0,34070.0,Montpellier,4222.222222222223
85000.0,3.850988,43.619817,1.0,21.0,34080.0,Montpellier,4047.6190476190477
202000.0,3.874881,43.609037,2.0,41.0,34000.0,Montpellier,4926.829268292683
149000.0,3.891314,43.596369,3.0,69.0,34070.0,Montpellier,2159.4202898550725
225000.0,4.014656,43.658741,4.0,75.0,34670.0,Baillargues,3000.0
146362.0,3.975495,43.543667,2.0,24.0,34130.0,Mauguio,6098.416666666667
130000.0,3.8827,43.608879,1.0,27.0,34000.0,Montpellier,4814.814814814815
645000.0,3.773978,43.43242,6.0,105.0,34110.0,Frontignan,6142.857142857143
300000.0,3.931329,43.527939,3.0,50.0,34250.0,Palavas-les-Flots,6000.0
149945.0,3.87852,43.612565,1.0,40.0,34000.0,Montpellier,3748.625
180570.0,3.849911,43.68188,3.0,54.0,34980.0,Saint-Clément-de-Rivière,3343.8888888888887
130000.0,3.875081,43.608763,3.0,44.0,34000.0,Montpellier,2954.5454545454545
184000.0,3.952945,43.562247,3.0,40.0,34470.0,Pérols,4600.0
196000.0,3.877628,43.617477,3.0,45.0,34090.0,Montpellier,4355.555555555556
76000.0,3.852553,43.621567,1.0,22.0,34090.0,Montpellier,3454.5454545454545
80000.0,3.867305,43.60917,2.0,22.0,34000.0,Montpellier,3636.3636363636365
115000.0,3.867792,43.607815,2.0,45.0,34000.0,Montpellier,2555.5555555555557
113000.0,3.891022,43.590893,1.0,38.0,34070.0,Montpellier,2973.684210526316
122000.0,3.877059,43.613107,1.0,27.0,34000.0,Montpellier,4518.518518518518
111000.0,3.695457,43.398331,2.0,50.0,34200.0,Sète,2220.0
249500.0,3.878306,43.609934,2.0,68.0,34000.0,Montpellier,3669.1176470588234
110000.0,3.891532,43.606104,1.0,28.0,34000.0,Montpellier,3928.5714285714284
99850.0,3.694302,43.398285,2.0,23.0,34200.0,Sète,4341.304347826087
80000.0,3.660929,43.39514,1.0,20.0,34200.0,Sète,4000.0
85000.0,3.952873,43.563559,1.0,20.0,34470.0,Pérols,4250.0
120000.0,3.868091,43.603489,2.0,35.0,34000.0,Montpellier,3428.5714285714284
68000.0,3.710095,43.936516,2.0,30.0,34190.0,Ganges,2266.6666666666665
214300.0,3.823718,43.575884,2.0,48.0,34430.0,Saint-Jean-de-Védas,4464.583333333333
99990.0,3.870317,43.604837,2.0,41.0,34000.0,Montpellier,2438.7804878048782
294000.0,4.087028,43.558409,2.0,56.0,34280.0,La Grande-Motte,5250.0
110000.0,3.840802,43.617681,3.0,48.0,34080.0,Montpellier,2291.6666666666665
66750.0,3.606171,43.426347,1.0,25.0,34140.0,Mèze,2670.0
111850.0,3.829221,43.615924,2.0,47.0,34080.0,Montpellier,2379.7872340425533
103000.0,3.873398,43.609849,2.0,21.0,34000.0,Montpellier,4904.761904761905
335000.0,3.888934,43.607869,5.0,106.0,34000.0,Montpellier,3160.377358490566
77215.0,3.879235,43.610342,1.0,14.0,34000.0,Montpellier,5515.357142857143
190670.0,3.884799,43.604968,3.0,55.0,34070.0,Montpellier,3466.7272727272725
110000.0,3.901838,43.628943,1.0,25.0,34170.0,Castelnau-le-Lez,4400.0
310000.0,3.869688,43.616854,3.0,54.0,34090.0,Montpellier,5740.740740740741
173510.0,4.08046,43.561437,1.0,28.0,34280.0,La Grande-Motte,6196.785714285715
118700.0,3.669501,43.488667,3.0,33.0,34560.0,Poussan,3596.969696969697
140000.0,3.664476,43.395794,2.0,42.0,34200.0,Sète,3333.3333333333335
135000.0,3.695495,43.399623,3.0,62.0,34200.0,Sète,2177.4193548387098
85000.0,3.844744,43.633909,1.0,21.0,34090.0,Montpellier,4047.6190476190477
255000.0,4.084553,43.559678,2.0,57.0,34280.0,La Grande-Motte,4473.684210526316
99000.0,3.878575,43.602153,1.0,19.0,34000.0,Montpellier,5210.526315789473
60000.0,3.830239,43.610672,1.0,30.0,34070.0,Montpellier,2000.0
100000.0,3.874903,43.605543,1.0,28.0,34000.0,Montpellier,3571.4285714285716
130975.0,3.50494,43.652056,3.0,52.0,34725.0,Saint-André-de-Sangonis,2518.75
205000.0,3.894306,43.623446,4.0,67.0,34000.0,Montpellier,3059.7014925373132
244400.0,3.46079,43.541917,5.0,145.0,34230.0,Paulhan,1685.5172413793102
67175.0,3.830291,43.612011,1.0,23.0,34080.0,Montpellier,2920.6521739130435
60800.0,3.319994,43.732129,2.0,40.0,34700.0,Lodève,1520.0
40000.0,3.317937,43.730897,2.0,42.0,34700.0,Lodève,952.3809523809524
23700.0,3.837947,43.613467,1.0,17.0,34080.0,Montpellier,1394.1176470588234
103200.0,3.696217,43.400714,1.0,21.0,34200.0,Sète,4914.285714285715
35822.0,3.826908,43.615558,2.0,45.0,34080.0,Montpellier,796.0444444444445
169000.0,3.863101,43.533232,2.0,57.0,34750.0,Villeneuve-lès-Maguelone,2964.9122807017543
99450.0,3.699835,43.411157,2.0,30.0,34200.0,Sète,3315.0
106075.0,3.67822,43.444406,1.0,18.0,34540.0,Balaruc-les-Bains,5893.055555555556
185000.0,3.87683,43.609775,2.0,38.0,34000.0,Montpellier,4868.421052631579
145000.0,3.926441,43.527005,2.0,32.0,34250.0,Palavas-les-Flots,4531.25
113120.0,3.693909,43.400258,4.0,54.0,34200.0,Sète,2094.814814814815
180000.0,3.863205,43.61902,2.0,35.0,34090.0,Montpellier,5142.857142857143
147640.0,3.867305,43.60917,3.0,51.0,34000.0,Montpellier,2894.901960784314
60000.0,3.694264,43.400208,1.0,27.0,34200.0,Sète,2222.222222222222
109000.0,3.861904,43.625018,1.0,20.0,34090.0,Montpellier,5450.0
85000.0,3.867305,43.60917,1.0,16.0,34000.0,Montpellier,5312.5
104000.0,3.65771,43.447723,2.0,32.0,34140.0,Bouzigues,3250.0
394000.0,3.605305,43.499418,6.0,98.0,34560.0,Villeveyrac,4020.408163265306
337000.0,4.074173,43.558224,2.0,51.0,34280.0,La Grande-Motte,6607.843137254902
199000.0,3.848628,43.60834,4.0,65.0,34070.0,Montpellier,3061.5384615384614
85600.0,3.470151,43.312732,3.0,55.0,34300.0,Agde,1556.3636363636363
137500.0,3.288057,43.244187,4.0,61.0,34350.0,Valras-Plage,2254.098360655738
95000.0,3.51709,43.290421,2.0,39.0,34300.0,Agde,2435.897435897436
79000.0,3.513094,43.284609,1.0,23.0,34300.0,Agde,3434.782608695652
61000.0,3.470176,43.313691,3.0,50.0,34300.0,Agde,1220.0
94000.0,3.42215,43.46095,2.0,48.0,34120.0,Pézenas,1958.3333333333333
41140.0,3.470316,43.312669,2.0,27.0,34300.0,Agde,1523.7037037037037
75840.0,3.508661,43.285961,1.0,24.0,34300.0,Agde,3160.0
42000.0,3.425376,43.461795,2.0,45.0,34120.0,Pézenas,933.3333333333334
90200.0,3.282413,43.242103,2.0,25.0,34350.0,Valras-Plage,3608.0
59000.0,3.222125,43.34508,2.0,42.0,34500.0,Béziers,1404.7619047619048
64000.0,3.470176,43.313691,3.0,47.0,34300.0,Agde,1361.7021276595744
134000.0,3.422101,43.459327,4.0,78.0,34120.0,Pézenas,1717.948717948718
23000.0,3.469538,43.313124,1.0,26.0,34300.0,Agde,884.6153846153846
47000.0,3.162761,43.618351,2.0,55.0,34600.0,Bédarieux,854.5454545454545
83000.0,3.282633,43.282324,2.0,27.0,34410.0,Sérignan,3074.074074074074
314290.0,3.426664,43.459175,3.0,125.0,34120.0,Pézenas,2514.32
145800.0,3.494295,43.279436,3.0,42.0,34300.0,Agde,3471.4285714285716
51900.0,3.472284,43.314138,1.0,35.0,34300.0,Agde,1482.857142857143
55000.0,3.211321,43.341819,2.0,30.0,34500.0,Béziers,1833.3333333333333
69000.0,3.509557,43.277737,1.0,25.0,34300.0,Agde,2760.0
480000.0,3.457463,43.506131,7.0,116.0,34120.0,Cazouls-d'Hérault,4137.931034482759
156400.0,3.293056,43.246077,3.0,49.0,34350.0,Valras-Plage,3191.8367346938776
53000.0,3.21792,43.340016,2.0,54.0,34500.0,Béziers,981.4814814814815
134000.0,3.472851,43.314344,3.0,70.0,34300.0,Agde,1914.2857142857142
159000.0,3.282633,43.282324,2.0,69.0,34410.0,Sérignan,2304.3478260869565
101700.0,3.216547,43.34435,2.0,50.0,34500.0,Béziers,2034.0
95570.0,3.294889,43.247674,1.0,22.0,34350.0,Valras-Plage,4344.090909090909
45000.0,3.217001,43.338018,1.0,27.0,34500.0,Béziers,1666.6666666666667
78000.0,3.277247,43.282775,2.0,50.0,34410.0,Sérignan,1560.0
68800.0,3.509557,43.277737,1.0,19.0,34300.0,Agde,3621.0526315789475
112360.0,3.232663,43.352767,3.0,60.0,34500.0,Béziers,1872.6666666666667
82000.0,3.514134,43.277616,2.0,24.0,34300.0,Agde,3416.6666666666665
183350.0,3.530069,43.347108,3.0,40.0,34340.0,Marseillan,4583.75
60470.0,3.294519,43.247992,1.0,22.0,34350.0,Valras-Plage,2748.6363636363635
176790.0,3.516471,43.283362,2.0,56.0,34300.0,Agde,3156.964285714286
285790.0,3.468356,43.312422,5.0,94.0,34300.0,Agde,3040.31914893617
210000.0,3.211542,43.345702,4.0,100.0,34500.0,Béziers,2100.0
58900.0,3.21506,43.338927,3.0,55.0,34500.0,Béziers,1070.909090909091
75000.0,3.422217,43.459762,3.0,52.0,34120.0,Pézenas,1442.3076923076924
70000.0,3.422217,43.459762,3.0,53.0,34120.0,Pézenas,1320.754716981132
79000.0,3.471154,43.311629,3.0,75.0,34300.0,Agde,1053.3333333333333
451200.0,3.212726,43.345767,6.0,106.0,34500.0,Béziers,4256.603773584906
22900.0,3.218462,43.350201,1.0,20.0,34500.0,Béziers,1145.0
41790.0,3.499171,43.285276,1.0,19.0,34300.0,Agde,2199.4736842105262
214600.0,3.525035,43.297709,3.0,45.0,34300.0,Agde,4768.888888888889
45000.0,3.212196,43.340829,2.0,40.0,34500.0,Béziers,1125.0
50500.0,3.458216,43.281856,2.0,30.0,34300.0,Agde,1683.3333333333333
65850.0,3.499653,43.280337,1.0,21.0,34300.0,Agde,3135.714285714286
52140.0,3.470279,43.312326,2.0,35.0,34300.0,Agde,1489.7142857142858
161490.0,3.282943,43.247016,2.0,38.0,34350.0,Valras-Plage,4249.736842105263
40750.0,3.496665,43.277502,1.0,10.0,34300.0,Agde,4075.0
218000.0,3.525035,43.297709,2.0,39.0,34300.0,Agde,5589.74358974359
75000.0,3.210886,43.342408,3.0,57.0,34500.0,Béziers,1315.7894736842106
224000.0,3.468927,43.310202,4.0,127.0,34300.0,Agde,1763.7795275590552
68000.0,3.281196,43.314838,7.0,126.0,34420.0,Villeneuve-lès-Béziers,539.6825396825396
56000.0,3.233005,43.33711,2.0,29.0,34500.0,Béziers,1931.0344827586207
165000.0,3.282943,43.247016,2.0,33.0,34350.0,Valras-Plage,5000.0
375100.0,3.425753,43.458288,4.0,136.0,34120.0,Pézenas,2758.0882352941176
122900.0,3.494295,43.279436,2.0,26.0,34300.0,Agde,4726.923076923077
44650.0,3.215932,43.346753,2.0,39.0,34500.0,Béziers,1144.871794871795
220000.0,3.423324,43.460664,4.0,135.0,34120.0,Pézenas,1629.6296296296296
124109.0,3.560664,43.324018,2.0,25.0,34340.0,Marseillan,4964.36
142500.0,3.445713,43.283194,2.0,27.0,34300.0,Agde,5277.777777777777
485410.0,3.525277,43.29548,4.0,67.0,34300.0,Agde,7244.925373134329
125000.0,3.494557,43.280392,2.0,27.0,34300.0,Agde,4629.62962962963
89000.0,2.728658,43.285075,3.0,100.0,34210.0,Olonzac,890.0
65000.0,3.278546,43.283023,3.0,53.0,34410.0,Sérignan,1226.4150943396226
660000.0,3.21879,43.342853,6.0,132.0,34500.0,Béziers,5000.0
58000.0,3.078169,43.604944,3.0,46.0,34240.0,Lamalou-les-Bains,1260.8695652173913
50000.0,3.078169,43.604944,2.0,33.0,34240.0,Lamalou-les-Bains,1515.1515151515152
92000.0,3.083179,43.599172,2.0,40.0,34240.0,Lamalou-les-Bains,2300.0
600000.0,3.467898,43.311903,4.0,96.0,34300.0,Agde,6250.0
875000.0,3.215536,43.34662,10.0,149.0,34500.0,Béziers,5872.48322147651
240000.0,3.212795,43.343715,5.0,131.0,34500.0,Béziers,1832.0610687022902
50650.0,3.466433,43.314622,3.0,45.0,34300.0,Agde,1125.5555555555557
100000.0,3.473078,43.311452,3.0,46.0,34300.0,Agde,2173.913043478261
114040.0,3.529433,43.345647,1.0,28.0,34340.0,Marseillan,4072.8571428571427
127500.0,3.529555,43.357566,3.0,84.0,34340.0,Marseillan,1517.857142857143
181800.0,3.290024,43.247085,3.0,58.0,34350.0,Valras-Plage,3134.4827586206898
236000.0,3.482937,43.276036,3.0,41.0,34300.0,Agde,5756.09756097561
210000.0,3.467758,43.312053,3.0,57.0,34300.0,Agde,3684.2105263157896
161500.0,3.293108,43.248337,3.0,66.0,34350.0,Valras-Plage,2446.969696969697
147500.0,3.288207,43.248075,3.0,46.0,34350.0,Valras-Plage,3206.521739130435
55000.0,3.471106,43.311832,1.0,36.0,34300.0,Agde,1527.7777777777778
107000.0,3.494295,43.279436,2.0,28.0,34300.0,Agde,3821.4285714285716
127250.0,3.51709,43.290421,3.0,46.0,34300.0,Agde,2766.304347826087
50000.0,3.469688,43.312129,1.0,34.0,34300.0,Agde,1470.5882352941176
90000.0,3.276637,43.238342,3.0,36.0,34350.0,Valras-Plage,2500.0
133000.0,3.51709,43.290421,3.0,46.0,34300.0,Agde,2891.304347826087
41320.0,3.218035,43.340102,1.0,18.0,34500.0,Béziers,2295.5555555555557
65000.0,3.221521,43.339795,2.0,46.0,34500.0,Béziers,1413.0434782608695
62000.0,3.286768,43.249679,1.0,19.0,34350.0,Valras-Plage,3263.157894736842
71100.0,3.513094,43.284609,1.0,23.0,34300.0,Agde,3091.304347826087
149500.0,3.521735,43.284802,2.0,45.0,34300.0,Agde,3322.222222222222
118742.5,3.466172,43.38301,3.0,83.0,34510.0,Florensac,1430.632530120482
93100.0,3.221438,43.342682,4.0,70.0,34500.0,Béziers,1330.0
57000.0,3.471908,43.312319,2.0,44.0,34300.0,Agde,1295.4545454545455
130400.0,3.522226,43.295798,1.0,23.0,34300.0,Agde,5669.565217391304
88000.0,3.217868,43.348715,5.0,91.0,34500.0,Béziers,967.032967032967
184000.0,3.42455,43.461882,5.0,85.0,34120.0,Pézenas,2164.705882352941
73700.0,3.494631,43.280043,1.0,24.0,34300.0,Agde,3070.8333333333335
46500.0,3.472512,43.313785,2.0,31.0,34300.0,Agde,1500.0
68000.0,3.368145,43.506466,2.0,38.0,34720.0,Caux,1789.4736842105262
155000.0,3.225568,43.352981,3.0,59.0,34500.0,Béziers,2627.1186440677966
688000.0,3.21543,43.346228,8.0,199.0,34500.0,Béziers,3457.286432160804
480000.0,3.214264,43.347468,10.0,149.0,34500.0,Béziers,3221.4765100671143
43500.0,3.083189,43.597786,1.0,16.0,34240.0,Lamalou-les-Bains,2718.75
76000.0,3.215296,43.344414,2.0,66.0,34500.0,Béziers,1151.5151515151515
28500.0,3.222945,43.337669,1.0,28.0,34500.0,Béziers,1017.8571428571429
52377.0,3.213277,43.345577,1.0,23.0,34500.0,Béziers,2277.2608695652175
63000.0,3.470245,43.31199,4.0,62.0,34300.0,Agde,1016.1290322580645
50000.0,3.513094,43.284609,1.0,23.0,34300.0,Agde,2173.913043478261
89650.0,3.530053,43.356552,2.0,31.0,34340.0,Marseillan,2891.935483870968
149940.0,3.544964,43.313569,2.0,27.0,34340.0,Marseillan,5553.333333333333
65200.0,3.549413,43.315371,1.0,27.0,34340.0,Marseillan,2414.814814814815
93152.0,3.506078,43.28417,1.0,27.0,34300.0,Agde,3450.074074074074
77000.0,3.233289,43.353894,4.0,73.0,34500.0,Béziers,1054.7945205479452
58000.0,3.297614,43.4268,2.0,75.0,34290.0,Servian,773.3333333333334
77000.0,3.223539,43.339677,4.0,59.0,34500.0,Béziers,1305.084745762712
28000.0,3.083189,43.597786,1.0,16.0,34240.0,Lamalou-les-Bains,1750.0
53600.0,3.514927,43.281194,1.0,18.0,34300.0,Agde,2977.777777777778
545550.0,3.217607,43.349576,5.0,75.0,34500.0,Béziers,7274.0
156900.0,3.549312,43.314862,2.0,34.0,34340.0,Marseillan,4614.705882352941
84600.0,3.525396,43.351273,2.0,36.0,34340.0,Marseillan,2350.0
150000.0,3.156116,43.616144,3.0,75.0,34600.0,Bédarieux,2000.0
89000.0,3.216683,43.35767,3.0,55.0,34500.0,Béziers,1618.1818181818182
129000.0,3.46904,43.313668,3.0,75.0,34300.0,Agde,1720.0
53995.0,3.210886,43.344267,3.0,59.0,34500.0,Béziers,915.1694915254237
145000.0,3.42332,43.460202,3.0,61.0,34120.0,Pézenas,2377.0491803278687
115000.0,3.083231,43.59071,3.0,73.0,34240.0,Lamalou-les-Bains,1575.3424657534247
82000.0,3.560664,43.324018,2.0,25.0,34340.0,Marseillan,3280.0
68600.0,3.224957,43.350246,2.0,37.0,34500.0,Béziers,1854.054054054054
154535.0,3.423426,43.459996,1.0,65.0,34120.0,Pézenas,2377.4615384615386
45000.0,3.083466,43.598095,1.0,16.0,34240.0,Lamalou-les-Bains,2812.5
1260000.0,3.218757,43.343035,7.0,176.0,34500.0,Béziers,7159.090909090909
53000.0,3.215932,43.346753,2.0,38.0,34500.0,Béziers,1394.7368421052631
69000.0,3.219362,43.347213,1.0,62.0,34500.0,Béziers,1112.9032258064517
37050.0,3.083466,43.598095,1.0,17.0,34240.0,Lamalou-les-Bains,2179.4117647058824
32000.0,3.155543,43.616378,1.0,32.0,34600.0,Bédarieux,1000.0
150000.0,3.211032,43.34303,4.0,98.0,34500.0,Béziers,1530.6122448979593
61000.0,3.512319,43.285198,1.0,28.0,34300.0,Agde,2178.5714285714284
86140.0,3.27989,43.284064,3.0,46.0,34410.0,Sérignan,1872.608695652174
90300.0,3.417946,43.313987,3.0,60.0,34450.0,Vias,1505.0
150200.0,3.279856,43.24007,3.0,59.0,34350.0,Valras-Plage,2545.762711864407
501300.0,3.294742,43.247192,6.0,112.0,34350.0,Valras-Plage,4475.892857142857
87420.0,3.508661,43.285961,1.0,24.0,34300.0,Agde,3642.5
384000.0,3.217721,43.344224,6.0,82.0,34500.0,Béziers,4682.926829268293
70000.0,3.212047,43.344247,2.0,57.0,34500.0,Béziers,1228.0701754385964
54000.0,3.513094,43.284609,1.0,23.0,34300.0,Agde,2347.8260869565215
194500.0,3.529595,43.295271,1.0,31.0,34300.0,Agde,6274.193548387097
60000.0,3.509557,43.277737,2.0,22.0,34300.0,Agde,2727.2727272727275
99500.0,3.130111,43.289463,3.0,65.0,34440.0,Nissan-lez-Enserune,1530.7692307692307
80750.0,3.50819,43.284633,1.0,38.0,34300.0,Agde,2125.0
57690.0,3.300079,43.426996,2.0,34.0,34290.0,Servian,1696.764705882353
132000.0,3.225252,43.335727,2.0,41.0,34500.0,Béziers,3219.512195121951
40400.0,3.467291,43.311654,2.0,42.0,34300.0,Agde,961.9047619047619
204500.0,3.529595,43.295271,1.0,30.0,34300.0,Agde,6816.666666666667
65500.0,3.281891,43.242821,1.0,20.0,34350.0,Valras-Plage,3275.0
140000.0,3.282943,43.247016,2.0,38.0,34350.0,Valras-Plage,3684.2105263157896
120000.0,3.231733,43.347405,4.0,85.0,34500.0,Béziers,1411.764705882353
72000.0,3.156367,43.369122,3.0,77.0,34370.0,Maraussan,935.0649350649351
30000.0,3.514927,43.281194,1.0,17.0,34300.0,Agde,1764.7058823529412
88550.0,3.528941,43.357507,2.0,42.0,34340.0,Marseillan,2108.3333333333335
45000.0,3.217156,43.348979,2.0,57.0,34500.0,Béziers,789.4736842105264
42800.0,3.214679,43.345684,2.0,57.0,34500.0,Béziers,750.8771929824561
117000.0,3.286768,43.249679,3.0,42.0,34350.0,Valras-Plage,2785.714285714286
45000.0,3.223899,43.350067,1.0,16.0,34500.0,Béziers,2812.5
105000.0,3.286768,43.249679,3.0,43.0,34350.0,Valras-Plage,2441.860465116279
205000.0,3.529595,43.295271,1.0,31.0,34300.0,Agde,6612.903225806452
74000.0,3.212047,43.344247,4.0,79.0,34500.0,Béziers,936.7088607594936
41770.0,3.217156,43.348979,2.0,40.0,34500.0,Béziers,1044.25
604000.0,3.214264,43.347468,10.0,149.0,34500.0,Béziers,4053.691275167785
85800.0,3.494631,43.280043,1.0,24.0,34300.0,Agde,3575.0
85000.0,3.282413,43.242103,1.0,21.0,34350.0,Valras-Plage,4047.6190476190477
90000.0,3.499171,43.285276,1.0,19.0,34300.0,Agde,4736.8421052631575
47140.0,3.470279,43.312326,2.0,33.0,34300.0,Agde,1428.4848484848485
62020.0,3.513094,43.284609,1.0,24.0,34300.0,Agde,2584.1666666666665
144850.0,3.215119,43.340108,4.0,104.0,34500.0,Béziers,1392.7884615384614
105075.0,3.44692,43.285637,2.0,30.0,34300.0,Agde,3502.5
44000.0,3.155543,43.616378,2.0,58.0,34600.0,Bédarieux,758.6206896551724
50000.0,3.222113,43.340582,3.0,53.0,34500.0,Béziers,943.3962264150944
62500.0,3.217339,43.347053,3.0,54.0,34500.0,Béziers,1157.4074074074074
86000.0,3.50819,43.284633,1.0,31.0,34300.0,Agde,2774.1935483870966
50000.0,3.424562,43.459884,3.0,79.0,34120.0,Pézenas,632.9113924050633
84600.0,3.516471,43.283362,1.0,30.0,34300.0,Agde,2820.0
50000.0,3.221672,43.341214,2.0,43.0,34500.0,Béziers,1162.7906976744187
176800.0,3.527345,43.356753,3.0,68.0,34340.0,Marseillan,2600.0
160000.0,3.530069,43.347108,3.0,35.0,34340.0,Marseillan,4571.428571428572
105400.0,3.239039,43.359767,2.0,36.0,34500.0,Béziers,2927.777777777778
70000.0,3.509266,43.285782,1.0,25.0,34300.0,Agde,2800.0
86500.0,3.495267,43.280728,2.0,24.0,34300.0,Agde,3604.1666666666665
61500.0,3.217926,43.347592,3.0,65.0,34500.0,Béziers,946.1538461538462
439332.0,3.21829,43.352616,6.0,81.0,34500.0,Béziers,5423.851851851852
149000.0,3.466259,43.311058,2.0,54.0,34300.0,Agde,2759.259259259259
275610.0,3.525035,43.297709,3.0,45.0,34300.0,Agde,6124.666666666667
128385.0,3.494295,43.279436,2.0,32.0,34300.0,Agde,4012.03125
42000.0,3.509226,43.284681,1.0,15.0,34300.0,Agde,2800.0
220000.0,3.224235,43.33736,8.0,169.0,34500.0,Béziers,1301.775147928994
58000.0,3.217091,43.340085,4.0,76.0,34500.0,Béziers,763.1578947368421
214000.0,3.527534,43.35425,4.0,67.0,34340.0,Marseillan,3194.0298507462685
248000.0,3.041185,43.368063,5.0,126.0,34620.0,Puisserguier,1968.2539682539682
205000.0,3.425529,43.456672,4.0,61.0,34120.0,Pézenas,3360.655737704918
203000.0,3.447117,43.285059,4.0,56.0,34300.0,Agde,3625.0
194500.0,3.529595,43.295271,1.0,30.0,34300.0,Agde,6483.333333333333
54000.0,3.216744,43.344935,2.0,35.0,34500.0,Béziers,1542.857142857143
185800.0,3.144867,43.44119,4.0,80.0,34490.0,Murviel-lès-Béziers,2322.5
75600.0,3.530281,43.346259,1.0,23.0,34340.0,Marseillan,3286.9565217391305
270000.0,3.083609,43.589864,4.0,120.0,34240.0,Lamalou-les-Bains,2250.0
64000.0,3.514927,43.281194,1.0,22.0,34300.0,Agde,2909.090909090909
245000.0,3.290296,43.244329,3.0,45.0,34350.0,Valras-Plage,5444.444444444444
240000.0,3.29081,43.248733,4.0,65.0,34350.0,Valras-Plage,3692.3076923076924
140000.0,3.161106,43.616563,4.0,85.0,34600.0,Bédarieux,1647.0588235294117
51000.0,3.512319,43.285198,1.0,22.0,34300.0,Agde,2318.181818181818
312500.0,3.445116,43.283192,3.0,58.0,34300.0,Agde,5387.931034482759
104000.0,3.223433,43.340195,3.0,64.0,34500.0,Béziers,1625.0
84650.0,3.523592,43.287801,1.0,17.0,34300.0,Agde,4979.411764705882
196250.0,3.494295,43.279436,3.0,46.0,34300.0,Agde,4266.304347826087
70000.0,3.499798,43.28243,1.0,26.0,34300.0,Agde,2692.3076923076924
16000.0,3.218062,43.344322,1.0,15.0,34500.0,Béziers,1066.6666666666667
50760.0,3.211611,43.343993,2.0,24.0,34500.0,Béziers,2115.0
180500.0,3.242156,43.357983,4.0,73.0,34500.0,Béziers,2472.6027397260273
109900.0,3.45462,43.287542,1.0,26.0,34300.0,Agde,4226.923076923077
66000.0,3.512319,43.285198,1.0,25.0,34300.0,Agde,2640.0
37730.0,3.083466,43.598095,1.0,17.0,34240.0,Lamalou-les-Bains,2219.4117647058824
37730.0,3.083466,43.598095,1.0,16.0,34240.0,Lamalou-les-Bains,2358.125
150000.0,3.288611,43.24744,3.0,48.0,34350.0,Valras-Plage,3125.0
230480.0,3.447557,43.283126,3.0,55.0,34300.0,Agde,4190.545454545455
54000.0,3.211138,43.343705,5.0,74.0,34500.0,Béziers,729.7297297297297
77900.0,3.509936,43.278429,1.0,17.0,34300.0,Agde,4582.35294117647
215000.0,3.525035,43.297709,2.0,39.0,34300.0,Agde,5512.820512820513
337250.0,3.278662,43.239397,3.0,64.0,34350.0,Valras-Plage,5269.53125
100000.0,3.413549,43.293633,2.0,38.0,34450.0,Vias,2631.5789473684213
36000.0,3.211839,43.344099,2.0,48.0,34500.0,Béziers,750.0
135300.0,3.217162,43.350433,5.0,100.0,34500.0,Béziers,1353.0
141299.34,3.288673,43.244038,3.0,71.0,34350.0,Valras-Plage,1990.1315492957747
112600.0,3.509557,43.277737,2.0,30.0,34300.0,Agde,3753.3333333333335
220000.0,3.221942,43.350192,8.0,108.0,34500.0,Béziers,2037.037037037037
136015.0,3.288611,43.24744,3.0,42.0,34350.0,Valras-Plage,3238.4523809523807
66025.0,3.469123,43.3119,1.0,53.0,34300.0,Agde,1245.754716981132
194500.0,3.529595,43.295271,1.0,30.0,34300.0,Agde,6483.333333333333
118000.0,3.446096,43.285346,3.0,71.0,34300.0,Agde,1661.9718309859154
42000.0,3.220679,43.471442,3.0,36.0,34480.0,Magalas,1166.6666666666667
116000.0,3.474133,43.313019,4.0,80.0,34300.0,Agde,1450.0
30000.0,3.215951,43.346852,3.0,40.0,34500.0,Béziers,750.0
99000.0,3.243483,43.365747,2.0,47.0,34760.0,Boujan-sur-Libron,2106.3829787234044
97000.0,3.16996,43.420821,2.0,85.0,34490.0,Thézan-lès-Béziers,1141.1764705882354
144670.0,3.216053,43.345027,3.0,80.0,34500.0,Béziers,1808.375
117207.0,3.494295,43.279436,2.0,29.0,34300.0,Agde,4041.6206896551726
56850.0,3.282633,43.282324,2.0,25.0,34410.0,Sérignan,2274.0
41000.0,3.078169,43.604944,2.0,34.0,34240.0,Lamalou-les-Bains,1205.8823529411766
80000.0,3.223899,43.350067,1.0,36.0,34500.0,Béziers,2222.222222222222
190000.0,3.530342,43.295746,2.0,28.0,34300.0,Agde,6785.714285714285
50000.0,3.507632,43.286072,1.0,18.0,34300.0,Agde,2777.777777777778
101000.0,3.233289,43.353894,4.0,73.0,34500.0,Béziers,1383.5616438356165
688000.0,3.291196,43.251087,7.0,100.0,34350.0,Valras-Plage,6880.0
154400.0,3.288673,43.244038,3.0,48.0,34350.0,Valras-Plage,3216.6666666666665
235000.0,3.29081,43.248733,4.0,65.0,34350.0,Valras-Plage,3615.3846153846152
72000.0,3.499653,43.280337,1.0,21.0,34300.0,Agde,3428.5714285714284
72200.0,3.220589,43.339472,1.0,31.0,34500.0,Béziers,2329.032258064516
47500.0,3.220803,43.346646,1.0,25.0,34500.0,Béziers,1900.0
168350.0,3.530281,43.346259,3.0,32.0,34340.0,Marseillan,5260.9375
150100.0,3.267599,43.338332,4.0,75.0,34500.0,Béziers,2001.3333333333333
157000.0,3.233289,43.353894,4.0,73.0,34500.0,Béziers,2150.6849315068494
100800.0,3.494696,43.278937,2.0,25.0,34300.0,Agde,4032.0
125450.0,3.289353,43.246455,4.0,37.0,34350.0,Valras-Plage,3390.5405405405404
76000.0,3.417268,43.313846,2.0,43.0,34450.0,Vias,1767.4418604651162
189450.0,3.303198,43.320567,3.0,116.0,34420.0,Cers,1633.1896551724137
83000.0,3.499653,43.280337,1.0,21.0,34300.0,Agde,3952.3809523809523
114000.0,3.422442,43.459428,3.0,100.0,34120.0,Pézenas,1140.0
148000.0,3.159748,43.617361,7.0,139.0,34600.0,Bédarieux,1064.7482014388488
660000.0,3.446137,43.28545,6.0,110.0,34300.0,Agde,6000.0
30000.0,3.216949,43.339578,1.0,17.0,34500.0,Béziers,1764.7058823529412
229500.0,3.529595,43.295271,1.0,31.0,34300.0,Agde,7403.225806451613
105000.0,3.496437,43.278104,2.0,25.0,34300.0,Agde,4200.0
153000.0,3.470078,43.310462,3.0,90.0,34300.0,Agde,1700.0
123500.0,3.507632,43.286072,2.0,29.0,34300.0,Agde,4258.620689655172
130000.0,3.277888,43.239113,1.0,36.0,34350.0,Valras-Plage,3611.1111111111113
276000.0,3.210579,43.344511,3.0,67.0,34500.0,Béziers,4119.4029850746265
69000.0,3.220975,43.349973,3.0,55.0,34500.0,Béziers,1254.5454545454545
34000.0,3.469419,43.312363,1.0,26.0,34300.0,Agde,1307.6923076923076
195000.0,3.213134,43.341897,3.0,106.0,34500.0,Béziers,1839.622641509434
87240.0,3.282943,43.247016,2.0,37.0,34350.0,Valras-Plage,2357.837837837838
69160.0,3.523592,43.287801,1.0,17.0,34300.0,Agde,4068.235294117647
60900.0,3.513864,43.277338,1.0,17.0,34300.0,Agde,3582.3529411764707
95000.0,3.472642,43.312698,3.0,97.0,34300.0,Agde,979.3814432989691
200885.0,3.529595,43.295271,1.0,30.0,34300.0,Agde,6696.166666666667
500000.0,3.226764,43.342487,3.0,70.0,34500.0,Béziers,7142.857142857143
238800.0,3.525277,43.29548,2.0,33.0,34300.0,Agde,7236.363636363636
47900.0,3.211902,43.345938,2.0,42.0,34500.0,Béziers,1140.4761904761904
75500.0,3.470635,43.314489,2.0,51.0,34300.0,Agde,1480.3921568627452
58000.0,3.235199,43.35363,2.0,43.0,34500.0,Béziers,1348.8372093023256
71290.0,3.471148,43.310586,1.0,27.0,34300.0,Agde,2640.3703703703704
119000.0,3.213745,43.34245,2.0,59.0,34500.0,Béziers,2016.949152542373
90500.0,3.494696,43.278937,2.0,25.0,34300.0,Agde,3620.0
69500.0,3.506361,43.284827,1.0,21.0,34300.0,Agde,3309.5238095238096
82000.0,3.471727,43.312523,3.0,56.0,34300.0,Agde,1464.2857142857142
169000.0,3.482937,43.276036,3.0,42.0,34300.0,Agde,4023.809523809524
202000.0,3.222898,43.26938,6.0,140.0,34350.0,Vendres,1442.857142857143
61000.0,3.466924,43.312307,3.0,37.0,34300.0,Agde,1648.6486486486488
30000.0,3.510036,43.404051,2.0,50.0,34850.0,Pinet,600.0
129000.0,3.332596,43.303367,2.0,54.0,34420.0,Portiragnes,2388.8888888888887
85000.0,3.362284,43.277885,2.0,30.0,34420.0,Portiragnes,2833.3333333333335
40000.0,3.220226,43.341772,3.0,60.0,34500.0,Béziers,666.6666666666666
37000.0,3.518859,43.283214,1.0,18.0,34300.0,Agde,2055.5555555555557
65581.0,3.507632,43.286072,1.0,18.0,34300.0,Agde,3643.3888888888887
76000.0,3.514347,43.282644,2.0,41.0,34300.0,Agde,1853.658536585366
68400.0,3.512319,43.285198,1.0,25.0,34300.0,Agde,2736.0
163800.0,3.449875,43.283254,2.0,38.0,34300.0,Agde,4310.526315789473
22750.0,3.217906,43.344496,1.0,12.0,34500.0,Béziers,1895.8333333333333
106000.0,3.282633,43.282324,2.0,25.0,34410.0,Sérignan,4240.0
23000.0,3.213644,43.341941,1.0,14.0,34500.0,Béziers,1642.857142857143
54150.0,3.213315,43.345102,3.0,30.0,34500.0,Béziers,1805.0
114000.0,3.215119,43.340108,3.0,91.0,34500.0,Béziers,1252.7472527472528
74000.0,3.216692,43.339397,2.0,50.0,34500.0,Béziers,1480.0
180500.0,3.521735,43.284802,2.0,45.0,34300.0,Agde,4011.1111111111113
175000.0,3.215527,43.34367,4.0,80.0,34500.0,Béziers,2187.5
